id,component_id,supplier_id,created_at,deactivated_at
cc93edea-9d12-5231-8ace-e32fc2bbc6d8,1bb72cac-3e59-5b03-8774-dd715e02fc15,8c8c96c9-b8bb-54cb-9fb5-715696dd2e04,2024-01-01 08:00:00+00,
2fa28501-6a54-528c-aa51-90aaaa7dd2a0,e266b9f0-23ce-558d-86cf-9ef8c727ec18,c39c295c-2b54-5dbe-82b6-1c25f9066335,2024-01-01 08:00:00+00,
4f29fc55-558b-5970-9fb8-bc7a74d37b5c,71879ef5-8631-535d-a175-bb6ca5abcdc4,bb1defc6-b5ce-577f-ae63-a6d24be3b99b,2024-01-01 08:00:00+00,
cee1c719-7adc-5ae9-9f14-79bd42c754e3,205f7a79-6970-54d0-a38e-41b0d2927446,33e78370-cb34-59a8-874d-c0c6ff85b9cd,2024-01-01 08:00:00+00,
98b225d4-db6c-5371-b913-0f15b89d41ad,d5cabd73-c897-51f6-9e57-93912f484fe5,6a1fe929-f00a-547c-9770-94a9632b8bc9,2024-01-01 08:00:00+00,
26c26b08-dbf3-5651-9e10-ff340aa7ad37,62a97495-2ab4-5d0a-b9bc-df9ed3f5c198,15a4b7b5-0940-5f38-887a-51e62e07c4cf,2024-01-01 08:00:00+00,
09c85d86-cd95-5765-b573-7a14cb181ff1,a6fd2009-7ae5-5f1e-980e-8c9175e21824,59e4266d-4682-548a-b748-1d3247342d25,2024-01-01 08:00:00+00,
1d4ec491-5947-5ad5-838c-5a98e6a156e5,8e085beb-7ba6-50e0-abfd-d62fd0afb65c,aa586904-270f-59e0-8e5d-14ffb23e4d05,2024-01-01 08:00:00+00,
da11bcd6-82e4-5dd2-b08f-3e1c3e4642de,0104bb40-7715-53a4-89a3-711a86fe87fb,eccccf96-c29c-5cff-95cb-d626caad08da,2024-01-01 08:00:00+00,
f9c3f5f3-bdfe-5f2d-af4f-bbeb49abfca6,74672ce3-2f6e-5056-9a4d-d0acbbfffacf,d428cad3-d43b-5887-bf6b-a0444660a7ad,2024-01-01 08:00:00+00,
8267e3e7-9ee6-574c-b4c5-8d09f1490ee1,0ac7891d-e335-5c7c-a295-2c6e4e54c893,baaafc6f-6ead-5469-aeec-9c4aaaebba9a,2024-01-01 08:00:00+00,
d6d9d979-e186-5ce8-b3b6-1bf1a8dabb35,befa9fba-7ef5-5c6b-8ed1-163ab280effc,20fe9e04-354a-5e01-b734-d5eaf6270a6a,2024-01-01 08:00:00+00,
2e33bded-6854-562b-b737-22c048ea0220,5fed8986-de3f-5347-a5a5-e41e00268f57,3ebd62e2-76cf-5b92-897d-0e12a8f0c31f,2024-01-01 08:00:00+00,
2b3d1806-0f41-536c-933e-3ced7b3aa9e9,af1af9c3-6c7b-5006-a6e0-cdea255fca8a,2257f8ad-fbc7-5817-a3e1-423c40a380c9,2024-01-01 08:00:00+00,
48cbc716-648d-55b8-95ed-b09f76d46eae,aa37dfe4-3d18-555b-88cf-5a50e40063ab,357edde5-3d22-57ff-b7af-1a22cb0c4eca,2024-01-01 08:00:00+00,
c4ce7ad8-1487-5154-8b39-2ff07c35d7cc,fb588566-032c-50ea-a933-9cd4c25d9df3,813b20bb-1a28-5712-a6ca-2dd696ac3b1b,2024-01-01 08:00:00+00,
5639e80e-14fe-5f9d-99ef-f6c7162457f1,5f095d6c-a31b-5187-b9b0-32b55d5bce61,a2f0f4e1-8bba-52e0-8fdb-68633c5d291f,2024-01-01 08:00:00+00,
235dd667-5a47-5cbf-83c5-364da000a9b0,e3811ee2-91c4-5b89-bb73-5250cf9788fc,ac37d2a9-6d9b-5a3d-be6d-ff0b7a0d0381,2024-01-01 08:00:00+00,
bd945879-e7c7-5eaf-83d1-47c04ba30e23,d40550dd-8a8e-5e72-b4eb-2e1d71d459cd,52570e8c-913c-5aa0-9955-1a8c0f2cfd9b,2024-01-01 08:00:00+00,
6f758f8a-324e-56c9-8eb1-96b9466313fa,f830d5b2-728c-5ef9-b63d-e38cff106062,3787edc5-94f3-5f59-88f6-deef6f68bbfe,2024-01-01 08:00:00+00,
bca800b1-aba5-5c1d-826e-1c1dcd6a46b7,e5ee948c-e25a-578a-95aa-d6fc848367ab,8f607c81-52f8-52d3-802b-5fba45ba5b9a,2024-01-01 08:00:00+00,
530e4536-632f-50b8-92b1-012a3441f85c,617bd3cc-93b6-5919-8040-04b5c5560327,48e2fe7c-35ad-5935-824d-697bfa8226f3,2024-01-01 08:00:00+00,
fef3bc8b-f47f-59e6-b1ce-42c0cd9c393b,115df8ff-4eb5-5fe1-9301-d9435b852b31,ae368c7a-6856-5ec7-80eb-e5b641a630c1,2024-01-01 08:00:00+00,
c10d08af-b985-567c-a9a4-e939d0ae4111,d099f7a9-1e8a-505a-82c4-8f1998794ed6,d021a25d-3e28-536b-8bed-255d2da1ac94,2024-01-01 08:00:00+00,
31b9e71c-a479-511a-834e-99ff8c041da0,e68c2eb7-7929-504f-9636-59efc467029b,ed4a2d56-5d9d-521b-9fc1-b6c46f626c2f,2024-01-01 08:00:00+00,
f8650a2a-f54f-51d7-bda0-8eb5e042933e,0329040d-c8fe-5e91-80ba-bc65d962a92b,ed95e8f1-9b8b-5b94-af4b-0b4df4240618,2024-01-01 08:00:00+00,
2dce69c4-ac0a-591b-b916-c7249ceb3d25,564dbcf7-e165-5089-943c-14cbeab56d5b,90e0b7bf-1e6d-5fb6-9696-802591159047,2024-01-01 08:00:00+00,
026ff4c8-f55a-51ec-8f1f-8f178788c8ba,c82589fe-fdb6-5b99-860e-ce02ae34381b,4b1f44e3-168a-5eb0-92d8-885e68759071,2024-01-01 08:00:00+00,
355d757e-8126-5095-a7c5-6992e07491ca,efe798ea-8552-54d1-af9c-a95cb2b3e84d,feeb172c-57c6-5067-97db-54ddf632027a,2024-01-01 08:00:00+00,
bbfd3637-f432-5090-9fbd-67315c75c82a,63bd50fa-b031-5365-9b4d-0878842648be,4626a89f-df15-511c-937f-eacf35c46556,2024-01-01 08:00:00+00,
dd23fa8c-c1b9-5784-928b-07a68c551da1,feaba667-6d9b-5103-8ec4-3760319fedee,52c611d7-2e74-5cec-8a71-9d3d6516b488,2024-01-01 08:00:00+00,
4140fe5a-4c25-532c-84dc-41c8aa0df358,e621d4c5-f37d-5ae0-a714-1a61398e7656,56c7e29d-78d0-5c95-b7bf-0d07b6b8e3e1,2024-01-01 08:00:00+00,
70df4f32-0c81-5349-9478-53547edfffaa,e1b30cb7-c95b-5165-9aa6-adca1a050dd9,5d4a3a95-d0bd-56b0-8cc0-b4db8804b7b0,2024-01-01 08:00:00+00,
13131692-4eed-5427-9f66-79e6029fa72c,3873eb24-fa5d-531e-9473-b03edb24c332,80991029-79ee-5168-a75e-27489e0d6fbc,2024-01-01 08:00:00+00,
2d420a36-4267-521d-b175-ec6fa0a5beef,a5f88a68-407a-5dd5-b8ea-22e4d1469f64,eee4f3d5-a93a-5cf2-85cd-907416aee337,2024-01-01 08:00:00+00,
89972668-1eee-560b-abee-84115c718dda,116d4349-9c29-5037-b6f1-3dafcac28633,696fe914-0890-5b2b-b310-9964de714d66,2024-01-01 08:00:00+00,
2e84aa7a-4651-53c9-85a1-b86e3406e1cb,f5bc6c6a-0189-5a27-a3c7-4b94e86c9a2f,ea344b5b-a6fa-5c52-a82d-6aca1e325dfd,2024-01-01 08:00:00+00,
008be924-1677-514e-8adc-a0e4c05cbc1d,a5a15d7d-2820-549a-86bc-db91d7a76034,58bd5d2f-4d18-5dee-8c8c-f3277b2410e5,2024-01-01 08:00:00+00,
a9a144b8-559f-5100-a707-c677266d1139,15029b9e-d65d-5020-9790-b5f76761d628,ab829965-8be0-51cb-a502-19769b82c932,2024-01-01 08:00:00+00,
dd4c9687-d232-5622-9154-71f56853d712,dff25eb2-398f-5035-8c7e-7ba593b1480b,08f2e161-61ac-51f1-a5c5-7c99935f0add,2024-01-01 08:00:00+00,
ae8b3031-ffd6-5e36-ac27-7ca0d75afa8a,24eaa710-1c52-579a-9eba-6a391fcdb8bb,25327de4-f1d4-566a-8b09-1062237b0ba4,2024-01-01 08:00:00+00,
27eaf4d8-fd1e-59ac-9978-920655bbfd1d,1726fb7f-9d7f-5c06-b5f4-86e221baa69f,11dc3173-294a-5b69-b7a7-76008da0f426,2024-01-01 08:00:00+00,
8f08342a-975b-588f-b5a2-c56a45beced3,6af039cb-0934-5b6e-a87e-23989f36b946,9981b718-1ab2-586a-ac86-82ab2f6f445c,2024-01-01 08:00:00+00,
e9d069b7-522c-5a39-ade2-f916f2b21867,cdb81b40-f9e0-5b53-8bbe-e3a5ca2df64b,45601469-c8aa-5b17-9930-0019b4de5006,2024-01-01 08:00:00+00,
e1b97baf-9e7c-5693-80ab-0fb647e3265b,c00641a5-883f-5243-9632-ae787f8a572b,145680b0-7169-50c0-870e-bd204709d72d,2024-01-01 08:00:00+00,
b928674a-1902-5a22-8fc5-3320a130e56d,bf3fe198-a103-5392-9bf0-0f9cfe224cee,18fb6637-a4aa-5a5d-af32-5a090ec7bc57,2024-01-01 08:00:00+00,
27a9e09b-77ad-5219-96a1-175aa30b2026,89ca4f23-cac6-5f46-94b2-87ea1258ff55,d1b43fac-eaef-500f-9e1a-bab1a723371b,2024-01-01 08:00:00+00,
58ad6f31-3429-50e8-aa79-3110313c6324,da750caa-3cb3-5c7a-9d81-d21dd5432183,5b77a11a-9e33-5b8a-be32-f8dc577d34d8,2024-01-01 08:00:00+00,
c8ad1a28-9f4e-5473-9448-f0be410e0c25,a38ba2d8-5c31-5918-bd0a-74f48052fbd3,c7824afc-aed7-53ca-8db0-39281e01b3db,2024-01-01 08:00:00+00,
4bdeb40a-fbeb-5886-9269-e55c5116d7df,7d788d1a-539e-5ab3-8e52-c1cb2005e92a,c0b8f28d-3c38-533f-ba9e-d3233e9f4079,2024-01-01 08:00:00+00,
3f1c951c-c76f-5afb-b93c-f80842b84b34,856e0565-ad19-559b-9dde-7ea818a353d5,3ced5417-d4ec-5e5a-aae7-78408a170f64,2024-01-01 08:00:00+00,
285bacf2-1789-510d-8cb7-273cd14e5886,44922936-9f41-592b-a33d-7ecf7ff76434,6e6d34a7-ede6-5da7-b108-7c7dd95b347f,2024-01-01 08:00:00+00,
39320318-6cbd-5cd4-9cf8-e762ee1bc808,a2d90474-9d37-5ce8-b888-c66aea0c3ce5,fdc145e7-c1fe-50cf-9d9e-96c421d12d4e,2024-01-01 08:00:00+00,
0ca18768-1ab1-592c-8813-b6cd403828f0,029699d7-fe03-5c49-a681-a6abe32bc0a8,4dd71cfe-e7f1-5d6b-89da-00ee1eafcc53,2024-01-01 08:00:00+00,
40cf24f8-f86c-521b-9604-1d4687577b5a,ecb483f2-6519-5e6b-be8a-4d02683a104d,8d8f807f-443e-59e5-a85c-e2c16318958f,2024-01-01 08:00:00+00,
5c02b112-a09e-5ba7-8083-db799356ada5,918436e1-aa15-5de7-827c-f5899bb83a53,394506cb-d774-52a1-ad50-8d4ec1e5d3f3,2024-01-01 08:00:00+00,
a8647d7f-fd03-5a47-bf21-b701cb68c6c8,a08d1b9d-f95e-598c-be33-707cec615dcb,c4db1de4-f99b-5cf0-b411-e71a203839d6,2024-01-01 08:00:00+00,
372e1af5-1bda-596e-90d3-254172480059,e1859246-963a-5596-8726-f7aa3b0fe0e0,bdb3c990-0383-54a3-a9a5-bc60918ba238,2024-01-01 08:00:00+00,
129615f8-63c5-5d2f-8423-84dd6869d6d4,6a8e665c-9aec-5a7b-a43c-394afed702de,3bcd5dcf-bef0-504e-a22e-25a869e3f677,2024-01-01 08:00:00+00,
ed826082-1c37-5775-ad92-9ea502a15faa,3941273e-aead-56c8-8006-aaf4e7be447f,f72e3d63-ad83-5106-80df-9733bd74d56a,2024-01-01 08:00:00+00,
316f563c-4179-5ddd-94dd-e447193cbcad,d0c6af2e-49ac-5d70-9b0c-1578973e25e8,36cc8092-b396-58e8-a4a5-e901e8a0a13e,2024-01-01 08:00:00+00,
942a6d26-feaf-57df-b9af-783394ce07b0,0e3aaf41-a24e-5ab1-87d2-68b831f88511,2489f4f7-f609-50f2-9ae5-6cefcc88b709,2024-01-01 08:00:00+00,
77f57161-637c-5bdc-bbdc-35969d33e7c5,6343e24e-eb00-5d01-b6ed-4f7f76f1b7af,458873c0-f449-5c78-ae8f-647e25719880,2024-01-01 08:00:00+00,
d5705a4b-413e-57b6-86f6-e2cfe34cfe68,bdc4e81c-0286-5dd0-800b-f866839513c6,c760279f-3fcb-5f9a-b7d4-53f3e2201e05,2024-01-01 08:00:00+00,
fec0abd8-d2e1-539f-961d-3bae4d1a70ad,a1ee1bb2-c40f-5032-a72d-96b07cd62c7b,c4fc919d-01cf-5225-a94d-f68558aa1866,2024-01-01 08:00:00+00,
934b0ac6-298c-5501-aed4-717c71d6da11,6717dc64-7cbf-5832-ac4b-cf667dccd229,52570e8c-913c-5aa0-9955-1a8c0f2cfd9b,2024-01-01 08:00:00+00,
8ad74917-8351-5319-9182-4d4c839cdc7b,a0aafe58-b984-50ab-a840-19ce41ade9cd,bc5b82c4-bcbb-515e-bad5-88e21f43508a,2024-01-01 08:00:00+00,
d5c8b91f-e529-522e-8da9-8376f5c36a00,d05263f7-dba2-5116-8591-d0f121eeb19f,1e0a6bd0-2093-5f2f-907d-db5c83ce8b26,2024-01-01 08:00:00+00,
db3e288b-aff2-54d5-bc7f-f7e3c07a36bf,e25de527-5bf8-5fbc-8c96-658251547e8c,d48fc4d1-ee5a-5d55-92e3-efa651af5e0b,2024-01-01 08:00:00+00,
07314b85-6d41-551b-a58f-111786f24d8a,e2793d46-2bac-5ba9-876c-0a740c0820e8,33e78370-cb34-59a8-874d-c0c6ff85b9cd,2024-01-01 08:00:00+00,
454add93-cb67-59f0-9eb9-41f8d782bad9,6ce6ae5c-142b-59bb-a1df-8da786377917,960f8f6e-5384-5c35-bfda-77ba61e7822e,2024-01-01 08:00:00+00,
fbb0d122-10aa-52d6-bfbd-0be3d26c1bd5,412dae27-c487-554d-b79a-3b23d5654f9e,898c490c-7456-59bd-a31d-c943b5097c2a,2024-01-01 08:00:00+00,
84030ab1-6533-5206-a51c-33c4f70ef4b7,7ad89afb-083d-5c54-85d4-a59918f92ce9,48e2fe7c-35ad-5935-824d-697bfa8226f3,2024-01-01 08:00:00+00,
abfebc2f-d7ca-52fa-84d6-13514018d287,9766e4b6-4e6d-5c5b-98d6-5682f17b397e,6e6d34a7-ede6-5da7-b108-7c7dd95b347f,2024-01-01 08:00:00+00,
173622cc-f1be-5044-951d-ac625be6f556,aa63c86d-8d3f-5ea4-93a4-fce1e4aae65e,da65a463-10e5-510a-baf6-c9f5bebf2609,2024-01-01 08:00:00+00,
7f7c2c68-8fd3-5f48-a55d-e4ef79bc1e5b,86fd566a-0610-5e45-ad44-e7a1a22feeb1,960f8f6e-5384-5c35-bfda-77ba61e7822e,2024-01-01 08:00:00+00,
99e58909-7a6f-5bae-ad93-acdcb97bde5f,53db5d41-9eb0-5ad6-b7d5-27d300a78ed0,b1b63f26-f6f8-534e-b26a-7b21ae5a611a,2024-01-01 08:00:00+00,
928840e8-0610-5a1a-9e5e-1b6b8b2b7a48,3cc8c2ae-18e3-5368-8128-975a64af9fca,b2d6149d-18ec-5efa-bb2b-a49f58917eeb,2024-01-01 08:00:00+00,
89553aba-6ea2-5cdb-acc2-64ba03356b96,68767971-55bf-559e-9d38-af1936e8dffd,b05f8cdc-060d-5baa-9cca-0a1fd36d0a98,2024-01-01 08:00:00+00,
60fcf6ad-91f8-5b6c-a4cd-eb181b3eb75b,483bcc66-6de0-5a5c-b61a-c57208b1e42a,4aebf463-3c95-5e36-9414-8edcf6fc203e,2024-01-01 08:00:00+00,
b2488fc4-fae5-5aff-9db3-e58b8858ce35,603ffeca-e0dd-573b-8fc2-970dc5558924,26cfaf73-cb2a-579c-b9d7-3ce65c8603da,2024-01-01 08:00:00+00,
fae71d99-2ac1-5a9c-a421-ca7abd655834,762fb9f0-e4de-5de2-8b6a-7a71b505a569,e3ebf49b-c110-5f5f-9a18-805a4d25ef12,2024-01-01 08:00:00+00,
d6bc379c-d6cb-576e-a77b-44ee63266af8,0d0bffa9-8be9-59d2-8524-d542f54acfe5,6dc6811a-ab70-5c51-bea7-107305265ab2,2024-01-01 08:00:00+00,
146f0bd1-28d5-5a48-9990-66f5534baedb,8f9cfad8-012f-5db7-a986-86fb055abbb5,a61087b9-4e85-5ce4-acba-99b114e08385,2024-01-01 08:00:00+00,
898ff1db-0294-561c-94c5-3b9fc2ba221c,d82770ef-fee3-5f9b-a220-d9ee22bb22a6,52b509f2-2fde-580b-a3c5-fb440f572114,2024-01-01 08:00:00+00,
cc9baa8f-153a-51f3-8f8c-3b879e66597a,8c2336d8-d439-5c42-831e-599bd894bc07,756358ae-b261-5982-a3b9-4afd7624e02f,2024-01-01 08:00:00+00,
9a44ca99-779e-5a3c-9c10-aad462b37d02,8f51f1ba-55b4-5fab-9ebf-657339c8716d,30519f16-83a6-5dbb-9f24-aff031d8af66,2024-01-01 08:00:00+00,
ae3ad845-4a82-5880-bb0e-affef5a961f8,593ffd76-8966-50f0-8339-68c5d753158e,9e1b4b29-9edf-5fd7-81da-245e59963411,2024-01-01 08:00:00+00,
9001f6c4-2498-5606-93d0-36c335ab3f0a,55f4eb71-a9ff-5d1c-8d2b-d2a9add0d944,5b77a11a-9e33-5b8a-be32-f8dc577d34d8,2024-01-01 08:00:00+00,
e8986bff-f585-5ddb-ad6f-88566a33a09c,5f3b9ef3-0395-5e0e-8bc7-60551b923f19,ed4a2d56-5d9d-521b-9fc1-b6c46f626c2f,2024-01-01 08:00:00+00,
f39e493d-769a-5612-bf02-6d6b92e3ad79,9bb4b597-9679-520a-a3c1-1e75c7bbad35,7c016e60-77ed-5c4d-8e3d-8583f7795b6d,2024-01-01 08:00:00+00,
9182b2b1-89e0-5a7a-8a13-dede580a5530,6902ac3f-b2f9-5319-bba2-d4c274c5f66e,29f0c371-efb4-522d-ae1b-82b4e1b002d1,2024-01-01 08:00:00+00,
6f616d57-affe-52d3-a468-a40f2cf97ac6,4036ca52-afc0-5dd4-a8c1-0b1d2cb67265,ea6977ff-66c5-5356-9e44-3320fc29aada,2024-01-01 08:00:00+00,
536ceda7-003b-52d1-b731-7ac9fc2724b5,87af591d-e41b-5b5a-825a-1c3e72b022dd,c9e6f604-0a2e-5143-8edb-eaaad29b70da,2024-01-01 08:00:00+00,
e68ab59c-f4f8-5383-8679-0999b1965d13,2264814a-975b-52c8-a510-4ac3f21eee07,c4db1de4-f99b-5cf0-b411-e71a203839d6,2024-01-01 08:00:00+00,
3edb38a4-532b-5390-b54a-672b4e5e227f,0bd7dfcd-b456-5ae2-92e1-4087d8bd91c9,80102db8-d5d3-5b2c-9e54-5b4fbebca6eb,2024-01-01 08:00:00+00,
784e7606-1179-5b1e-8669-bead4e31d9ec,d8c8a789-9042-5c99-9a95-316f1c64ef0d,239b0468-ee4c-5363-8366-b9492c860189,2024-01-01 08:00:00+00,
5d5c61ca-ff34-5795-88db-9f2e41312361,46e21cfa-7ac2-55d4-9efc-03d7a4a75e76,989fa3d3-eb9a-5bee-9acc-841fbadd5509,2024-01-01 08:00:00+00,
1812af2b-7e38-58b2-9519-06d9e350c900,43bf9e3c-f689-5ea0-b996-53bad41710d4,82aa59fd-815d-56e3-9d10-cc20edacb56b,2024-01-01 08:00:00+00,
11e5757f-3caa-528b-a078-e082b94353f9,15e745f9-8596-51a2-be88-1ca1a52f7c44,ae29d9c6-cfa6-53c2-b8e0-5e09a4fbf9e4,2024-01-01 08:00:00+00,
eb4b4e06-0b09-5d43-b082-84afc2c07ffe,d587e006-d408-5b0a-931f-77b417ce76ea,f6f54556-28ec-5b70-ba98-3c04bff8746c,2024-01-01 08:00:00+00,
dbf77d6b-40c8-5dc5-b37d-f21149911a9e,26138ae7-1560-5a78-9a7e-d699644a12fc,020f35e7-bbf4-582f-a7a0-c7d203fd1bf3,2024-01-01 08:00:00+00,
10436d55-bbcf-5b49-b1af-adcdb10da1d9,396b2ffb-134c-5583-ae04-346e54d0e1f4,9a9f4c7b-d484-59fa-8bc0-9d169cb5a272,2024-01-01 08:00:00+00,
e62d3abb-b091-5b4d-8880-9a8134814162,834a3eba-3dc3-5621-855a-2456791353e0,42cd7d51-8955-5835-9e51-fdd0cd945465,2024-01-01 08:00:00+00,
15204878-1994-57b2-bc31-6ab6a3911af9,03be422c-3d55-59f3-a94a-56008165ca32,e097904e-1431-5cab-a2cc-88dceb787955,2024-01-01 08:00:00+00,
f907caf6-1aa5-5d0d-a6e0-9baafd5a83b7,b06d736f-b02e-5764-af17-67a84d050dc2,1a086d39-5a02-516f-a0e5-782762c3f309,2024-01-01 08:00:00+00,
6c22c36d-3d13-50a8-8b73-a93054cc91db,f1b847a7-ed28-5497-83cf-eb627562726b,52b509f2-2fde-580b-a3c5-fb440f572114,2024-01-01 08:00:00+00,
05e5d5a8-a83c-50fc-ad2e-fa1893363398,f47a71e6-4769-5b34-b5eb-442122c3af97,62a3b080-4c89-5e59-83d1-449fbc838196,2024-01-01 08:00:00+00,
7f76d3c4-66b5-5a3c-834e-eea034b0c532,a741ca34-432d-512f-ba3b-8de114365379,bd89ed3d-ddef-503a-86cb-c1d4c3d09416,2024-01-01 08:00:00+00,
6ad25c02-5357-5b60-9baa-403a96cd0fc4,e4b9f582-a72d-5a25-93db-6a755c23fb71,bd6d0af6-c7ae-558a-9ad7-a581f7a34b87,2024-01-01 08:00:00+00,
78ca17cf-e882-5520-ac7c-93d9590f8122,12aa9af0-54f7-558c-9c7d-cd8b5eb4842c,5cad2b5a-c8f1-557f-bf5a-3258a3dba7b2,2024-01-01 08:00:00+00,
d60b0c4d-a51e-5f55-a461-f9de2be49b30,828ef5de-a54c-584d-bdf7-47b8e6b99428,9c5962c2-e5a4-5f21-ad0c-baa831e33468,2024-01-01 08:00:00+00,
0afdd4c3-1b25-5842-89f2-041e68d9482e,f3cf122c-72a6-530e-94a4-471d79d265dd,18c76cfa-21a7-59ad-8459-1b211e51361d,2024-01-01 08:00:00+00,
f8166342-2380-54c5-a326-7f1fb33a7bbe,5b733e3a-0f92-569b-b213-7e58ecc22384,b218bd5b-7bd3-5e25-913d-8111a8b5fe46,2024-01-01 08:00:00+00,
33539f93-eb74-5141-a91c-c7108711cdc8,bd52d3ae-3d87-5ea8-b7de-2661db41f59d,6e1d922d-415a-53d0-97d8-f4767299c10e,2024-01-01 08:00:00+00,
7c6eafa3-b441-577b-ba4c-cdb6038c7efe,de50429a-649d-55db-9ace-add22cf673ff,e60916b9-b699-5bb0-a19e-8e4fc52c86d2,2024-01-01 08:00:00+00,
f48bcd27-4d6d-5f90-916b-4b7c27ca99f7,8b1ff671-5fc5-541d-a3cf-87727b5bf4b9,6967611f-756c-5028-a77c-e8bce052a14c,2024-01-01 08:00:00+00,
ade87806-5294-51b7-a178-2c2b9227026f,e3e496e5-52b3-56d2-8bae-ef4123d4a345,40aefc77-b8f6-578a-a361-bccb322388eb,2024-01-01 08:00:00+00,
106992b9-640e-5f24-ac44-5b0b5c28c3e2,415e8ea7-b655-5a59-91a2-c933cd5c5748,264e880d-3b17-54dc-8e9c-e1fb490de6ac,2024-01-01 08:00:00+00,
d1eba316-1a0e-55f9-bfb9-0a61886ef87b,7c6ea26b-9a07-5544-bef6-22fc65c02405,62a3b080-4c89-5e59-83d1-449fbc838196,2024-01-01 08:00:00+00,
7a7728d5-27d6-5f42-b8d9-8d869de58aa6,405707ad-ded6-5cdc-a041-910c8b4150e3,f91a7a3f-74a1-595a-935a-acbc256ae50a,2024-01-01 08:00:00+00,
ee40e2e8-122b-5626-8443-346cd4414786,ccf68b7a-d103-5690-bbd9-acdde5fb74dc,02205db5-7374-5a5c-885e-f94d69a2fdd9,2024-01-01 08:00:00+00,
22dc9163-982d-5b35-a8ba-552c8d4089e6,98d1a037-17f8-54dd-804c-01a66e6c7a68,9caa7f76-10d7-58fd-83a1-a8a669a0ff27,2024-01-01 08:00:00+00,
d30c3d40-4012-54e4-94b7-f1f812bd9901,b08edc41-8cc1-5251-b001-26bb63d5f8a2,c71c7075-993b-5996-8346-cb527f97d663,2024-01-01 08:00:00+00,
8bf152e6-d333-5c8e-97e1-13a1a274bc97,4fe5b007-3775-55b0-bcd6-0a1837414ef8,f15e24ce-25d8-5410-b645-3ae0c1e07ea1,2024-01-01 08:00:00+00,
83f014ae-2356-5774-b971-94583e74a2e2,633d770e-04fe-50dd-af01-753c25c6ce6e,fc0b4afb-700b-5bcb-b18a-1862b641e21e,2024-01-01 08:00:00+00,
f8f2d264-1420-555e-9b71-cf037ceac51a,dc14b6de-2925-51c5-b935-3eacbf5b0fc3,2710a768-0baf-5368-8696-c9e335efa572,2024-01-01 08:00:00+00,
752e0065-5c94-545f-a95a-7972505ba168,a70afd06-340c-5d29-8fdd-312045b3bc15,af8a96cf-855f-5476-9aa4-8510dceafbe2,2024-01-01 08:00:00+00,
8afe4085-499d-52a1-8331-096a7396f013,73855b7c-d711-50a8-b6e4-9014b44889f7,72648e4f-576e-511f-9153-a325b74aee8e,2024-01-01 08:00:00+00,
eec9ddc0-0bd0-5132-99c0-a672bb429505,ff89d9d5-8b67-54dd-8c98-75298c124b4a,c45d7bbd-57af-5aa6-b8e5-43190333bc1f,2024-01-01 08:00:00+00,
184cd0ee-ee87-5520-925c-d81f787cfe87,762bcd3c-799f-5060-b007-e29e1f5061c6,7e9850d3-d206-5be6-aa42-d9f41a6d4a8a,2024-01-01 08:00:00+00,
5149f0fa-b397-59ca-afdd-9395decbcaca,8201fe45-32ca-5a31-b69e-a9045e5c6a4f,c39c295c-2b54-5dbe-82b6-1c25f9066335,2024-01-01 08:00:00+00,
72be1e2c-3960-5d4c-93bb-936441cf2aee,9f704fee-a838-5065-8646-a444247df7fa,27cb1fba-42f2-5e51-a92f-e137b9215c87,2024-01-01 08:00:00+00,
e521afb0-5d49-5a2a-b883-fa56920fc448,f742799f-7b86-5d73-824b-352c36df07de,8ec906cc-8e27-5537-a7fe-1c168b4c7761,2024-01-01 08:00:00+00,
a389f3e7-0e96-5f36-9c4d-313ee9a87849,7431f8cf-91ab-5fd4-9d4b-f7c3ef0a1671,d0fc6b3a-3d34-5397-8eda-e409518920d8,2024-01-01 08:00:00+00,
b50c2b84-62ba-5f78-b2eb-2afcf1d69849,39639c2b-c904-5420-915f-4bf248c1d5dc,b5751e88-7fc1-5c1e-8a7b-3794792e860b,2024-01-01 08:00:00+00,
af900050-02bd-58bc-8ea4-9e55c0543a76,fbd92ed9-9709-5645-97f9-9f47bf8a330f,b5f8d106-ce69-568e-9017-4c84273f7e9b,2024-01-01 08:00:00+00,
6608ae71-fd82-54b1-a85f-5ecef100d642,82e2f7af-7d77-5f18-9332-c788be77d05b,145680b0-7169-50c0-870e-bd204709d72d,2024-01-01 08:00:00+00,
c423a26e-619f-508a-a3eb-e2eb97f6bb9a,4eb48d0d-d009-59db-a5d6-a62ccaf0b8a0,c9d15727-b69d-5040-b3c5-c48f08762291,2024-01-01 08:00:00+00,
dcbc5164-9f16-52bb-9be8-51fc3912d476,6a166ed3-abad-5639-bbc5-84ea337cc004,eccccf96-c29c-5cff-95cb-d626caad08da,2024-01-01 08:00:00+00,
4b60888d-de76-5caf-a49d-887ce588c6af,c47211de-5b2a-5100-aaa8-772907631bf9,9df2da2e-507c-507e-b146-3af5cb0eb852,2024-01-01 08:00:00+00,
b98f32eb-13d7-56bb-9cc5-cd4911790bad,0d0946a8-2fbe-558b-a2b8-2a08930eb801,3cb7898d-9fdc-5824-b6f4-7928653a3d0f,2024-01-01 08:00:00+00,
7a374b7b-90b0-55fa-8fc8-b5bb3035da2e,06a02f54-ad6b-5a77-8aa1-ac35bffee582,57312c0b-4717-5278-aa1b-1b0e041e2256,2024-01-01 08:00:00+00,
560ba04e-85e7-5aad-9c43-49e50b833178,1c3da8ba-2f61-5219-8cff-136597ca6b85,75714d60-bc40-5026-8713-ca5330db50ec,2024-01-01 08:00:00+00,
66291f77-b8f2-5fe6-8b8c-eb8d82af9c56,cfa17d3b-ce1c-59d3-a96f-b029405e4fe4,8878b0ae-cecb-5c32-8cf6-00a69e635a18,2024-01-01 08:00:00+00,
d4bb225f-a050-5cfa-8514-2f190b006c92,41792166-f535-542b-9547-d0ba2078fb5a,ff72dbf8-f532-5792-a708-71fbf4d227ec,2024-01-01 08:00:00+00,
28bf7168-6599-520b-8076-858e12d1dc2a,fc2c90ad-da7a-5c84-a6bb-a5b306e4f9c5,7e6867d6-5362-5c35-954a-3e0fbbb9cddc,2024-01-01 08:00:00+00,
b16d7b66-d97c-5f86-ad87-b1684468fbdf,cc17951b-16c0-5ce3-ac56-eb254eb1deaf,16e80bf5-f979-5ff1-b605-48e97edcf01a,2024-01-01 08:00:00+00,
8f559896-2f5f-5aab-94a9-867ad828da14,125b9517-6b69-5c97-8077-3e78405fcc41,bb1defc6-b5ce-577f-ae63-a6d24be3b99b,2024-01-01 08:00:00+00,
8fe543ab-c35d-5376-82bf-3bcc58b18e4b,6e588d5b-707b-5a76-b418-5004184663e3,5e3a9dc0-1e21-5501-b703-0abf59cddf4d,2024-01-01 08:00:00+00,
02fc3fa4-8f17-52bd-bd70-4c99a72748ab,1cb0859b-ea96-5b17-82bb-d0e1c14cf06f,90a365da-b247-549b-be5d-7a4d8ebb188f,2024-01-01 08:00:00+00,
3805b04e-c6b7-506d-bbb1-455ceb63d945,cc211126-0037-517d-8ada-7fbcf1a47bb2,7e9850d3-d206-5be6-aa42-d9f41a6d4a8a,2024-01-01 08:00:00+00,
2161512e-57c2-5002-9e4c-05a9a75189ff,65d29bb5-d84f-5186-ad8e-22b3bbefa508,e5188c6d-3f2a-503c-94cc-6f994f345d5c,2024-01-01 08:00:00+00,
1dca4b86-2c4a-52ac-ac87-fe2d9e30d2e3,9fe6bfae-25b1-5a97-8b62-27ad4c0075ac,12a27214-b694-52ee-b438-f562464ad5b0,2024-01-01 08:00:00+00,
cb2a5d19-8842-5339-9c43-0b3c8e2c2ab6,e36a8997-2e2e-53e0-a5f2-bfc5b50a4462,1ff8a181-35a8-5bc8-84fd-3e882672ffc7,2024-01-01 08:00:00+00,
f8391ca5-abe2-5f64-b027-5b9f5478450f,20359663-080a-57c8-8e39-1388cb75dc8a,9caa7f76-10d7-58fd-83a1-a8a669a0ff27,2024-01-01 08:00:00+00,
3e7eff9d-e010-5f2f-817a-9b24990638e4,53ad365c-9e83-5953-9479-11dc49fbb44c,4fb176f3-18dd-54b5-8f46-d3cd0cea8811,2024-01-01 08:00:00+00,
e0d494ce-9c38-5130-bb65-e40c1a24e753,04cfd1c3-e09f-58b6-884b-2d6c7680cb77,0cb448f2-13f4-5920-8f67-61cf87711327,2024-01-01 08:00:00+00,
bc106c2b-d317-524f-8443-e296aa1f9117,e6e166b0-a5c7-5c15-bffd-a6a1e67fbd81,5fc6df46-bde2-512d-a190-0aa18f097b6b,2024-01-01 08:00:00+00,
514dabe3-b3aa-554d-ad49-e96b6b2ec305,7c04b5c4-9ca7-5bf1-a1e1-471f72b6d792,2e33d49a-c94a-5b00-ab3d-5e766b802b88,2024-01-01 08:00:00+00,
fa9e21bd-ca01-53f4-9184-214a48462726,b633d098-6e7c-527a-b249-76067f2293dc,214b5ce7-3d2d-57b6-867b-f3bdfd0c81ec,2024-01-01 08:00:00+00,
27ddd793-f36c-54bb-91c9-a27cf5599d85,32971e82-5364-5882-a992-21a36e2314d9,1c0468bd-df99-50bc-b387-75d173f27465,2024-01-01 08:00:00+00,
edf4f78f-1273-5748-aacc-0c25250bdf65,c6e81490-6c4e-5241-b7b0-5414a9fae3d0,3ed0ce1c-d1c1-5169-bdff-6c8c2c2b29ed,2024-01-01 08:00:00+00,
b19516fc-17be-5179-a349-411d778bbd38,b01cc3c1-8b11-59f7-894e-6ddd4ea5dd83,d48fc4d1-ee5a-5d55-92e3-efa651af5e0b,2024-01-01 08:00:00+00,
414c7f87-373f-5ece-b682-46b1c19f7cc1,286906e3-7bef-5536-bb2e-d03b4327b4e8,7fdeedba-520e-5b7a-9a0b-df1321e75318,2024-01-01 08:00:00+00,
bf53a770-2606-5d1f-9a3b-004b1b0e16fd,ef2c4751-2a96-5c16-80de-05f29a59370f,f2d38c13-14be-5d53-b5be-0195b1a303ee,2024-01-01 08:00:00+00,
71fd777a-ae35-56b6-93db-7a441c207321,837958a2-a931-50c9-b1f9-f4da7f948808,3daec824-12e7-5102-8eb5-7b2aac935e4b,2024-01-01 08:00:00+00,
671ae536-4541-54d7-8603-f1086383b927,f2b2be9b-6932-5aff-8049-7a6a66e293ce,4f3c3f1b-e7e4-54c5-884a-84b5b42e6a16,2024-01-01 08:00:00+00,
86acf738-2a6c-54ce-bcb3-0222d915cc8a,2b471202-6ad5-5392-b99c-1db415b3d879,90e14d72-4b50-5b06-acaa-37f2f4570f72,2024-01-01 08:00:00+00,
4dbb9ecf-d0f7-5135-823e-bb6ffe56d20f,d5cc58f5-e830-5f53-97ec-7fa398282090,5ca2179a-c857-5db3-9772-b88d705e536a,2024-01-01 08:00:00+00,
6465ea70-b78c-5361-823d-d6c3b3a63184,4e057285-8804-5548-aba0-c28ae253fdfc,9a659731-f968-59c2-b0f4-7653f174f784,2024-01-01 08:00:00+00,
06dc2a48-94ba-58e1-8fb4-74f3ada23944,ac41cd8e-3292-5ec8-8c9c-070054d05810,6e4b4b02-c6c9-56a6-899b-544e87e288d9,2024-01-01 08:00:00+00,
61314391-c139-5783-95a0-8e23c1e1ae86,a3d083a0-2faa-582c-a127-2530423f26fd,6e267068-73ce-5f11-9e7c-aa490c619b54,2024-01-01 08:00:00+00,
980ba67b-1037-5659-a0dc-8a011b26320f,9ad307c8-9137-58be-a98f-b01ffb1fe2f2,c0581fc6-3afe-59e3-ac46-9d64570a182d,2024-01-01 08:00:00+00,
fdbc73d1-d350-553c-9ee6-fb8cf94d3d2a,1f47a979-68f3-5190-901e-71ce3f481a6e,eee4f3d5-a93a-5cf2-85cd-907416aee337,2024-01-01 08:00:00+00,
0cdda21f-ae54-55ed-90e2-88ec8ff28f0a,031ba8f6-461e-53db-9c3d-5fbb62d1b64b,a42ab6c1-daae-5791-867a-bdfe30ba24cd,2024-01-01 08:00:00+00,
f1537f00-3890-5786-bb9e-e74d434e4f1e,028f3818-f69a-5c0a-9b35-d141a81e6744,2eefd12c-c36b-5a0e-829b-411d3db417b2,2024-01-01 08:00:00+00,
95942205-e33e-50d0-9a2e-7c398c8474ca,87adfd28-7006-5783-8709-94a0921f7bd4,72c211cc-eb95-5e2a-b5e6-286f9fbffc13,2024-01-01 08:00:00+00,
983780e3-181e-5b3e-b2ef-b0730bf40d7d,79915789-bf00-5d57-b085-fdb9a2f753e4,9bdec196-4c1a-5f50-8a41-2ab8fcf07aa7,2024-01-01 08:00:00+00,
d00d4238-a638-5198-9938-2529a8c918e9,0de35486-3c81-5dba-9c27-b1a3fc69aa84,01af57ad-5457-514c-aac6-ca91aa64c26b,2024-01-01 08:00:00+00,
e519437e-41f0-540d-aeb4-a31934c7916b,932beea8-d899-51b1-86c2-f9b69b940d9b,8e7d762f-d623-547c-901b-6a809a76b1e0,2024-01-01 08:00:00+00,
4a03b524-5b92-51c8-baba-201cf9ec9658,3a03d6eb-a9bc-510f-ac03-e3a7b137c2ec,b370526b-a4f8-5405-9d0a-59c657f18a87,2024-01-01 08:00:00+00,
3e398b39-a93f-5029-9015-625ac8ed4636,442dc71f-e7da-5dc6-9708-9ad07f22a755,e1f97c14-167b-5419-bf15-c3399108cbd4,2024-01-01 08:00:00+00,
b410fc55-2ff2-5bb2-92b1-bd722021b449,42be81e3-eb62-5dce-8b8d-ec5afacad11f,1e0a6bd0-2093-5f2f-907d-db5c83ce8b26,2024-01-01 08:00:00+00,
32e5e267-d8e0-5bcf-8543-51226dfcb7af,950d2708-083f-59eb-8e61-fa1567bc1699,bb1defc6-b5ce-577f-ae63-a6d24be3b99b,2024-01-01 08:00:00+00,
2f120c29-df25-51a5-8b5e-dd8cee293f0b,ed099c8e-dd6c-5bfe-83d1-167f60bdf4ce,e2d45f74-e4f8-5b8b-b0c4-6be7c33bb652,2024-01-01 08:00:00+00,
736f758a-ed16-51bb-8c28-e1dc02bae55d,0c480fa6-e602-5a6d-b249-f0fac2fce471,696fe914-0890-5b2b-b310-9964de714d66,2024-01-01 08:00:00+00,
1f7e89e2-3acb-5597-8b23-54f9ea4dfeb6,17015903-3f41-5aa6-95c7-a5832d92d3b8,01318bcf-004a-5e03-8b81-02b857e28630,2024-01-01 08:00:00+00,
913d5b95-d92d-5193-b823-678ad19da1e9,a6198930-fd40-53cc-bdf8-9703c12f9d09,f2911b5a-7204-5171-941e-9f50618e9e9b,2024-01-01 08:00:00+00,
621600db-2da4-5c85-b79e-4aa6a2a6ef7d,0f3c6612-46ad-5185-905c-4f0339676ecd,9a9f4c7b-d484-59fa-8bc0-9d169cb5a272,2024-01-01 08:00:00+00,
3534b610-547d-5bba-ac3b-89d78b7b6531,136654e7-7fba-5752-9d69-dd74cb1a9c0b,433a5a1f-b1d7-5855-a82b-f87237cf860c,2024-01-01 08:00:00+00,
5a0154f3-1d85-5bf6-8e3d-5a9971ab99dc,17de442b-cd1f-57b3-b90c-952e77d15c42,a66d84ee-372e-57c0-8cdd-54a48072db96,2024-01-01 08:00:00+00,
5b01f524-5446-54b3-9971-f082abc4d59b,dacc9837-79b9-54d0-9c6e-fd03f612a97b,c0581fc6-3afe-59e3-ac46-9d64570a182d,2024-01-01 08:00:00+00,
4e005d04-1621-5cd4-b541-b6928ff46e92,acc5a8b0-9011-5d67-920f-45c9a22a6b0f,6e4b4b02-c6c9-56a6-899b-544e87e288d9,2024-01-01 08:00:00+00,
0268c1db-6202-5349-9126-f784e166ca0e,c78ec11b-aa5e-52e3-beb2-40e1f7578464,36f46b15-16c0-5033-96ef-e68252b54ae3,2024-01-01 08:00:00+00,
a85d43de-1b1d-54d0-b418-0a95f584844c,67239504-b883-59f8-9dc1-3bd6146174a3,d21da0bc-d1b2-5971-a037-be72ab2d0b0f,2024-01-01 08:00:00+00,
cfd40ad4-518c-57ca-9213-1abc16243449,e58ea435-40e3-59e0-9f9b-c33be6b5ac54,e094ba97-dc8c-5d3a-ab5e-c061c91d1dd8,2024-01-01 08:00:00+00,
cf4d334a-fc36-524a-9343-1cd9be2c7848,94ebcc39-f3cd-524f-b0e0-79ac96739ab7,f31ac60c-906a-52ba-b145-3bb89fac2c37,2024-01-01 08:00:00+00,
62edb80e-e066-5042-9add-b492c130a2ff,bfdd5e83-128c-5e2b-8f48-1fc91a86a9fc,bf131be7-81a0-568e-a1aa-f366646ae828,2024-01-01 08:00:00+00,
e794cfd9-f1b9-5d9b-8abf-9fc8cd276ceb,d310218f-9f70-5b48-8e03-0eaef5c84501,0cb448f2-13f4-5920-8f67-61cf87711327,2024-01-01 08:00:00+00,
78800f9e-ba80-5484-9ba8-64c10cd674ac,5ad389e9-10fe-556d-9b31-e4e137e9bd72,2acb4323-7672-57b0-a6ff-2311178e47d0,2024-01-01 08:00:00+00,
ffbcc98c-7437-50c8-b25c-ca2f4bc1d0e4,f42da2aa-67a1-580a-96db-e9d826cd5923,44df5d8c-b3ec-5d0a-8aee-600bcb155f44,2024-01-01 08:00:00+00,
0a97d318-9449-5b1b-8d46-40ff8c48dfc6,9fee6e9b-dda6-5622-921e-e4d84f7a3a1f,159e466e-d73e-5022-9fb0-0361637b1015,2024-01-01 08:00:00+00,
7ca8121d-d6a9-5b66-84ce-8aed549c3ffb,aa8a7ca1-85a8-52a3-bb06-470d8a01c083,5c2f5c6b-cbc2-5eef-a1f7-b6b7f1eeae4b,2024-01-01 08:00:00+00,
ec99977f-8c56-5028-be20-e2b617cf3960,0de338d4-b41a-5440-bac5-b99358bbba48,0397b62b-af63-59df-a629-a9900711eee7,2024-01-01 08:00:00+00,
b52cae4d-5297-5870-9fb6-30c9698ae4a3,426dab39-26e8-55e6-b446-f26abe6708c5,47c256d6-dd1b-5312-939f-089b87b6ad3f,2024-01-01 08:00:00+00,
8cdd553c-34bc-5d31-8a2e-71d669d5f060,e3c5561b-5e79-5cdb-8074-eb648d089303,9d56fb99-4efc-5ea9-afb3-cd085b6aa55e,2024-01-01 08:00:00+00,
014e5208-a7a8-5f6e-9150-909fe55181d0,2074bff8-e228-5bd5-b6b6-301b86e78c81,c5c5b55d-f3eb-5094-a448-84496d973708,2024-01-01 08:00:00+00,
362a7388-4da3-52bd-9c8c-21144a20b3fb,5a28ed7d-c15b-5602-bcb2-5040848dd7fa,6a616df0-22ca-5014-8181-d261f0fb7be7,2024-01-01 08:00:00+00,
3364df18-13ee-5406-9dab-b4a7fa0aa4d3,5a51b8e6-ee7f-517b-b677-fde0dad44f84,4aebf463-3c95-5e36-9414-8edcf6fc203e,2024-01-01 08:00:00+00,
50049f95-5f9f-5855-88c4-1eff6acf70d5,3d0dc952-564e-5c34-9424-4ee0e63df72f,b3ccd90b-dfce-5164-8c60-0a7aca722416,2024-01-01 08:00:00+00,
4a65eb90-c912-5c48-9c4b-2983d447ac12,9f795819-a11c-59de-9121-864361cb55d9,0359f9cb-27de-5a4e-8c56-bc7021268b08,2024-01-01 08:00:00+00,
a105d0d1-be33-55b1-af18-6a55cd9dbe3c,9b5f6042-a4ee-5052-90d2-9f263fdee3c0,310e281d-d23a-5d07-9621-48f13d7404cd,2024-01-01 08:00:00+00,
a876653a-d1d1-5d04-bad1-56d0983422f1,a568feeb-e922-5741-aa06-57de51217cb1,4f0a6eeb-ec2b-5f95-8dee-4e3d59677d8b,2024-01-01 08:00:00+00,
55bef9de-4301-5004-88a1-2f83715fe118,d255b955-e466-5463-a969-0771adfd0af5,3787edc5-94f3-5f59-88f6-deef6f68bbfe,2024-01-01 08:00:00+00,
685e612c-3655-5db2-a9c4-639392d99ff4,c5a99287-d07a-5172-acf7-4900dab37d4b,c86fd083-4330-5332-98e4-a0315ca803bb,2024-01-01 08:00:00+00,
a247def4-6695-54a8-9c9f-74e5d3df4e77,9a46e55a-20b6-503d-ba15-1c4ce49bb82e,9a659731-f968-59c2-b0f4-7653f174f784,2024-01-01 08:00:00+00,
cb412b48-c6fc-54c8-871a-6e41ef866fad,f8f39332-4e1e-5c11-9ba6-dd7a32f77727,9261f969-1c1c-5723-ac13-d933bcf9f419,2024-01-01 08:00:00+00,
a8b1d388-59ce-5d33-a155-9d823e700deb,f068c5c4-2beb-5999-a128-4c7082f572c3,bc3fd465-d244-5e1a-8fdc-69f5870a5759,2024-01-01 08:00:00+00,
526ca369-8230-5af4-b785-ae31e91ecc7e,89c41106-f973-5e21-9a01-51a725995561,55cf8bdc-5842-5fc4-8fa6-69b43005f5ec,2024-01-01 08:00:00+00,
68073a7f-b4c4-5a13-8db5-0708df194810,14498a62-3ec3-5975-aadd-23ada14b08f9,90e14d72-4b50-5b06-acaa-37f2f4570f72,2024-01-01 08:00:00+00,
4a73c420-3ea3-5402-a890-da6be0bc39f4,121c169f-01de-5e4c-943b-ae59e23625f6,6a827207-8d85-5a96-a1a9-1b593cb30a12,2024-01-01 08:00:00+00,
ae363189-cdb4-5ecf-813e-28701465a425,180b97a2-94a8-5b27-bcd7-030fcb13d536,46c4f3df-0f5d-5c00-9b89-21742485af45,2024-01-01 08:00:00+00,
0bcd4447-85d8-56fd-b063-f0c26ff70ded,2629e0fe-8887-52ce-9a92-1a5668a7b71c,2710a768-0baf-5368-8696-c9e335efa572,2024-01-01 08:00:00+00,
4abf11f1-6f4f-5a64-9c3c-e399498c9b53,f461f994-a55e-55eb-aebb-ce8ceb45ea62,9bfaeff0-9458-50e9-8e9d-3cb779157457,2024-01-01 08:00:00+00,
b64d3f6f-5b6c-5700-8b40-96826cb1d4ee,c898b71b-c6d2-50ba-94ac-c4944f75140e,a53cf2cd-5dec-5640-855d-f85900d633f1,2024-01-01 08:00:00+00,
e57876a0-f862-56e1-b1a7-0d184061da7c,0ab00fe6-45eb-59b6-895e-83a8d6c902bc,4ee9fbbf-1b46-5efe-8889-8abb3561e004,2024-01-01 08:00:00+00,
71f90628-668f-5c04-9fd5-1c16792e77c9,8583caa1-619c-5337-9fcf-6ef96198292c,7e9850d3-d206-5be6-aa42-d9f41a6d4a8a,2024-01-01 08:00:00+00,
ab2aa071-976a-5768-a969-34716dae60fd,a3271609-cd45-5cf2-b3b1-cd0df997fb07,1bcc3f21-f860-5dde-92a2-66140488a21d,2024-01-01 08:00:00+00,
d9befd85-07a1-572c-9f63-0ea38ebeaf5d,e16bcd2c-85bf-5897-a678-c1eb701e453f,26f55052-6092-54c9-9247-bc02bb49769b,2024-01-01 08:00:00+00,
420749f4-b3ce-5a68-9a7e-f4d50f779fc1,7489f5ee-dfd4-50d7-bccc-3851c1a33c26,8548d736-f80a-5bad-b094-c3536791e48e,2024-01-01 08:00:00+00,
9a30f613-cb12-59f1-bfec-f433a449f52a,80ad30f7-1a3f-5d10-87bd-40d48fb45389,aa41bd26-86c0-589b-9521-b452a8248179,2024-01-01 08:00:00+00,
d95f9574-26c9-5255-be07-e366b0852277,142559da-3d33-51da-843d-97afbe35343f,aa41bd26-86c0-589b-9521-b452a8248179,2024-01-01 08:00:00+00,
78efb162-916f-5d3e-9ebf-d656a6139d91,13505844-03ca-5630-9883-e86a551a0cf9,1439fed7-3f86-5a06-ae10-6169b01a836b,2024-01-01 08:00:00+00,
a3a4b179-90cc-59b6-a29e-fe3db5ecb92c,3b7d5408-8ea5-50e9-ae9b-7b73107f9a6e,2537cc62-092c-583e-b7eb-1e3ed12e267b,2024-01-01 08:00:00+00,
7dc79739-b918-5c44-ba97-79e7fe9d484f,abd0c259-4f47-5162-96dc-e1c3ba36480f,f576d184-b434-5c30-914a-97191069d013,2024-01-01 08:00:00+00,
a015c9b4-86b2-5acb-9f9c-7af1b64f2f7a,e1e881d1-b91d-5494-8a8e-729d08e7d61d,18a3294b-c0ab-5a9b-9ead-b01171cb062a,2024-01-01 08:00:00+00,
023e3eb0-22ef-5d22-869a-7998e9bdef82,58dc2d2a-1343-5d42-aca9-d919dffd4194,64be6462-d756-5e82-b031-fed6159c669d,2024-01-01 08:00:00+00,
f0046640-e8f9-5919-a864-284dd33fe24d,8fc11a14-2c8a-5d15-88b8-162a4c43c8da,e6295926-9355-5756-aba1-e8bc9ae61739,2024-01-01 08:00:00+00,
fb63e6bb-d5c1-5766-b396-b3230d48e3c8,53a5fa74-e9f4-595b-b76f-eeb95cb10751,30519f16-83a6-5dbb-9f24-aff031d8af66,2024-01-01 08:00:00+00,
c8a07e6d-6c3c-5c6e-8711-fc99452e1b29,ee4f08a9-1d0d-51d9-a061-39a241d94bca,3dffa708-7186-5ce1-9e9c-96972e56f8bf,2024-01-01 08:00:00+00,
d47e3f27-b27e-5f1c-b67d-bf1ae698d0c9,485f021b-5e74-5f55-8fac-f729809aad22,6e1d922d-415a-53d0-97d8-f4767299c10e,2024-01-01 08:00:00+00,
785756c5-cf7b-5654-8056-f08d0fc5e4f4,b60392a1-9d1a-55a6-a17e-a4f41f67b232,a18dd31f-24e3-582b-9964-6b8d74699427,2024-01-01 08:00:00+00,
bfdda296-e1a2-5115-94f0-915d5a25335f,616c0a92-1076-5844-ab70-fa8f2f872f58,fce5f831-ee41-50eb-9601-259f4d99d1f6,2024-01-01 08:00:00+00,
a270578f-510f-52a1-8b40-964163decfab,ae3e663d-5b33-55cb-a65d-b235087f6f95,9e923201-7acd-5309-82e1-75c97d1be1ab,2024-01-01 08:00:00+00,
55341940-93c4-5ddf-895c-1f0b7fb066f8,ddae0e15-fe79-5607-8af3-1968468533d7,39ae7a80-9b2c-5dc2-be19-3bb832d98e87,2024-01-01 08:00:00+00,
56cba6ec-b191-54df-8d1c-bff695b5b9f3,86560ea5-4ca4-57e8-b84b-407f414be329,2994b0cd-e1dd-5b9a-9347-1fd6db51df1d,2024-01-01 08:00:00+00,
b6fddec9-9052-58d6-a089-a4daa21afebd,7004d9a3-0d98-562e-82a5-6a94074c5a67,89064865-cf90-5850-942a-47a5bcb78140,2024-01-01 08:00:00+00,
4ce706e3-d8f0-53e3-80fc-e9e1815470f2,3f6de261-0c8d-57fb-92bc-d3a11261d4ee,25fde784-0bed-5d27-a7cf-3620e977eab8,2024-01-01 08:00:00+00,
a82b0d5f-dec0-5154-87c6-47fc1af6cf2f,8da39bca-579c-5285-b4cc-444b6bda4eaf,62a3b080-4c89-5e59-83d1-449fbc838196,2024-01-01 08:00:00+00,
d406de13-3988-55ee-ab0f-ff39ddd52a71,6375f31f-c071-5622-a98a-9068ce27ec83,e65328be-67a8-5b41-8bf5-0c84eb24ba2a,2024-01-01 08:00:00+00,
9bf487d0-476b-54c8-86cc-850d09b960ca,2f9d097e-1e83-5e21-bd3d-f6b28a081d04,9cc27d41-1942-56d7-a834-6d6683c573b9,2024-01-01 08:00:00+00,
31ae35c3-a53e-52ff-a1b9-564160bef43a,511d7749-236e-581d-bc56-8d01d9a0eb40,f7f6875d-e3b6-549b-bd25-c4e077fa9cfc,2024-01-01 08:00:00+00,
8f72e7d5-664b-59d7-9786-49dce2875100,865a8263-a633-5784-810b-c6f89fe9e77c,f03400f5-6379-528f-a884-912e998a9bbc,2024-01-01 08:00:00+00,
6c9edde3-044a-5b1c-bca7-d2d7e94a7012,272c67d9-faa0-5094-8c8c-5f560b573503,c760279f-3fcb-5f9a-b7d4-53f3e2201e05,2024-01-01 08:00:00+00,
7e98edba-697c-51f1-a0f6-01bf37f90121,0810a1fe-71ab-5234-ad85-27da3b9b87ef,ea36b216-f05f-55b7-aae1-14d9eddfd8a8,2024-01-01 08:00:00+00,
ef95ef4b-881d-5f4b-b8f9-cb57cb03af74,38805d25-50a3-5ff8-9fe1-05b61f19354c,20cf6b1f-b3aa-54a5-ad7a-60c73e8f62c8,2024-01-01 08:00:00+00,
ab186377-dc52-5d9c-af0b-4d4074d1d14b,31d55f69-abf5-5a4b-9797-6c5608335925,15ada178-ab08-5d50-8c47-55eb2c7d023e,2024-01-01 08:00:00+00,
f9820cbe-ec9b-57c3-bb7a-8ccc112af4c6,7d933f1e-42f5-5a22-97ba-c27ddf15bf28,5ce89de8-ce19-5333-b117-109cc687c7b1,2024-01-01 08:00:00+00,
e711ee3b-1ff0-5d8b-8e5d-a948878e9edb,45a2a798-5d15-5515-ae6c-e341477c7390,e169d91f-b953-5574-88f7-6b2443953083,2024-01-01 08:00:00+00,
58f2df31-ba23-5f17-93f5-b387c723a4e4,361f0dfc-5171-56cc-a959-08d4848c684f,f0aa8198-c2d3-59dc-b748-7bbb43f72614,2024-01-01 08:00:00+00,
23e180c3-d566-5e65-abbf-aea0d8c3d3f9,a88b4f4b-4c76-5dc7-afe3-424e12067bf6,54260fee-f3f7-58fe-9a39-b63e36c1e727,2024-01-01 08:00:00+00,
6448558f-0b58-56fa-a2ba-b3e71e0d221e,8c10081f-d20b-5997-b27e-d531ef01134a,b3c9f931-cefe-5898-8668-01fbee91281b,2024-01-01 08:00:00+00,
d9e6af29-4f19-5fdd-9330-6a338f19d52a,f97103f6-f108-525e-86fb-58f752dcf7c0,8404a87e-5942-58a2-afc5-430405229eee,2024-01-01 08:00:00+00,
bcd78da2-1ba2-57ee-a266-9def89753991,4b1d2733-8747-59e4-9e5f-bf252a373ee8,bf131be7-81a0-568e-a1aa-f366646ae828,2024-01-01 08:00:00+00,
b3f3069d-a056-51b1-b469-d19812a09acd,8952c267-0833-574d-a31b-a374df046fb5,f1e7b8ec-2aea-50c2-8f3a-0d27affb4808,2024-01-01 08:00:00+00,
5fa3e48b-f0c6-5a7c-92e7-a50d3e4b824a,3fa616c9-a0d2-5093-ae40-a8a9de66d4e3,1c07f70a-c181-54a4-971f-692b21192f66,2024-01-01 08:00:00+00,
df58facd-9936-54be-8bcd-00661c27e92b,f87014fc-a951-5b53-afe5-02083e65bf54,25437e9e-f93d-5f35-9eda-284f8f7e63ef,2024-01-01 08:00:00+00,
1c7eb34d-ed96-5f5c-9e1c-be6a5792bb8b,84d6856c-b329-5b5f-ac32-de1bb393b125,f2d38c13-14be-5d53-b5be-0195b1a303ee,2024-01-01 08:00:00+00,
37220953-0034-5596-ba76-45991d60f9cc,5a9ef7e6-98e2-53bd-b040-83ca307b68cb,e169d91f-b953-5574-88f7-6b2443953083,2024-01-01 08:00:00+00,
e8610160-461b-5094-aa2b-6a3125fa73a6,44489e0f-20cc-5ae2-b6c1-0357e45634c9,b5751e88-7fc1-5c1e-8a7b-3794792e860b,2024-01-01 08:00:00+00,
521faad0-a337-500b-9ed2-f6f663bd0ede,3587e9ea-bb2d-5026-9ef6-b7a8adefeac3,7fdeedba-520e-5b7a-9a0b-df1321e75318,2024-01-01 08:00:00+00,
9fe804e1-46a4-5846-b45a-ef7117ef3d22,378ca3ad-8b2e-513d-b168-6d1d87ba4874,a831a428-37f8-583a-a717-e50ffe4db1d2,2024-01-01 08:00:00+00,
fca9f7f8-31c0-529a-9a46-d67e9dd7517a,bca60b0e-be7e-51fd-91d2-6ffc51293ae1,9ecc4544-0aaa-5d4b-a20b-19b8dce2c71c,2024-01-01 08:00:00+00,
892d15c2-872a-5467-a328-46e22f000418,e67500e1-c1d6-5821-8204-416cac1232d3,c8318b2c-9234-5182-9207-64076940ee94,2024-01-01 08:00:00+00,
aed9ae58-6320-562c-8237-5322934e4b65,1a8d9bab-5b5a-59ae-b456-d6a8790aaae4,71627912-343b-5d8b-b8b6-d23d11e6c4e7,2024-01-01 08:00:00+00,
4aa3fe69-14ec-5ed3-896f-16b638ec1db4,a06abdd5-e761-55ca-b0e9-7b8f84dcde8f,55156a06-b8da-51ad-984e-7d39c6c529ad,2024-01-01 08:00:00+00,
3f4aa9cb-26b1-56a7-9b29-d7fdf36e35eb,168bc1f9-e030-56d1-a70b-9771362262d6,7e6867d6-5362-5c35-954a-3e0fbbb9cddc,2024-01-01 08:00:00+00,
f039afcf-31f9-5e8a-9a24-0da29a5a9a3d,b504bb4a-5ae4-517d-b19d-124f36c4be71,b430ec3f-1323-5428-988f-458eebff07d2,2024-01-01 08:00:00+00,
3c4aad10-8b09-58ae-81bb-5b8483a2f90d,802d3b19-1120-5780-81a5-314033db94d5,5b77a11a-9e33-5b8a-be32-f8dc577d34d8,2024-01-01 08:00:00+00,
54e468f3-4494-5ec0-a64e-7fbfdf4f1e50,3f4a4ccc-ee80-5ea3-ad5c-98fbbaa55e5e,0397b62b-af63-59df-a629-a9900711eee7,2024-01-01 08:00:00+00,
cd98517f-9ca7-5282-90f1-c7ee5b77f2bb,f936794d-0198-5937-b6a0-c95214e62055,42cd7d51-8955-5835-9e51-fdd0cd945465,2024-01-01 08:00:00+00,
9f0cbead-cafa-54f3-a77b-758139afda30,db14cf47-f982-5157-aa47-2c92a90ddc5f,3541480f-4a67-5f85-861d-edb3932dcf69,2024-01-01 08:00:00+00,
b8905db5-6418-5e53-8a6c-d9df5fe95ea6,5fcea5bf-041f-5427-b0d7-bc84f34cb459,093bfdbf-6ee4-563d-954f-f3b8bb67bf45,2024-01-01 08:00:00+00,
0752a109-3cc1-5c66-9d99-e9a637c839a1,07f81203-1670-5d8c-b885-f0d02845f96f,5ce89de8-ce19-5333-b117-109cc687c7b1,2024-01-01 08:00:00+00,
92cf7a9c-26cf-5337-b9a6-5979da7fd3c3,51b44040-466f-5475-9bde-10de41e7be5f,d5a27038-e6bc-5a6d-abaa-08a15a662ca9,2024-01-01 08:00:00+00,
ae2ffe2a-cf96-5ac0-9124-3101e8d6c3ba,52b2e364-3850-5784-91ec-ad60e9f788fa,25437e9e-f93d-5f35-9eda-284f8f7e63ef,2024-01-01 08:00:00+00,
5cd54cdf-7ddb-5082-a1c3-b3f4c8057937,5d7b4e88-264a-529d-8a90-b993712186d2,64be6462-d756-5e82-b031-fed6159c669d,2024-01-01 08:00:00+00,
2e7ffffb-c6b2-5ae3-9587-656eea362f2b,f51a520f-328c-50a7-ac6b-fe80380e67ff,dba0da3e-85d0-586b-a5be-f612b1e5ff4c,2024-01-01 08:00:00+00,
78b42878-0561-5d6b-ba47-d3f3759b40b4,9e040918-2b6a-5c01-bdf5-639e56add509,d1b43fac-eaef-500f-9e1a-bab1a723371b,2024-01-01 08:00:00+00,
50dba398-4a73-51f8-abff-4a42a4091acc,efeadb9a-11c9-5e35-90ef-ee7cf349063a,b1575560-44be-5756-ad9d-222778bc3b57,2024-01-01 08:00:00+00,
808c0d01-f471-5a42-a07f-65efb8cb93bf,a22e29db-f5ae-5224-a615-a54a0071e752,159e466e-d73e-5022-9fb0-0361637b1015,2024-01-01 08:00:00+00,
0e70362a-6c07-5eb5-9362-239800c91e46,1a6eeff4-95c4-51b1-b3be-53d400f39038,996d5494-39b1-59ae-a472-16818c620186,2024-01-01 08:00:00+00,
01c5e78f-99d0-5855-beb6-251bf939a89f,8c9e4eee-94aa-532a-a696-28d30824952c,7d202787-0956-5846-a4f1-c9096d7e3738,2024-01-01 08:00:00+00,
52e5b596-4cb3-5559-8146-e5bf333624e6,87351392-42c3-5c26-a8a2-4d5b0adb3e08,92d61498-4160-5877-8dbc-fadc4e54f4d0,2024-01-01 08:00:00+00,
97b99e96-8935-5f57-8e2c-f75c95b105bf,1ada8e27-b002-5fd3-ac39-124b0c17d1ef,5b77a11a-9e33-5b8a-be32-f8dc577d34d8,2024-01-01 08:00:00+00,
9684c92d-e509-579a-938a-92aa694dc608,02f5dc0e-0b18-5684-be36-964fcf0ad6c3,4d6cd501-64c4-52ff-b938-e9762779c670,2024-01-01 08:00:00+00,
857c5c2c-aca0-53f8-abc7-441c2a2982e4,859f3985-7e77-541f-b16b-9ad83aaf8819,a89636c3-ff22-530f-bf99-ce47d567db52,2024-01-01 08:00:00+00,
9df03c51-e474-5b4c-b7d0-e8082a64611d,24dce71e-1071-59f0-a332-58f4947f48db,d21bed50-7963-5554-bd38-9b0e62aa6f5b,2024-01-01 08:00:00+00,
c4fef013-680c-5ee0-997c-403baa2f2dfb,0677217b-0e23-51d3-88a5-c202046826c5,0ab95811-a0cd-5dbc-9ac6-7dc3447968d3,2024-01-01 08:00:00+00,
9e333b0b-8105-543a-990a-bce32bf2c1ef,1cbc8b2b-ce20-5e12-968f-11c5d448ee27,145680b0-7169-50c0-870e-bd204709d72d,2024-01-01 08:00:00+00,
1064a2aa-ea41-5f4b-8529-a662c099bd74,407b976b-9d78-51ac-b9e0-a561154f1a01,291ab4ce-8dad-5268-af29-f4e1af89d306,2024-01-01 08:00:00+00,
ecdf5de4-f7f4-5559-bcfb-b9ec9f7367d1,1fd85afd-c02c-5929-bc39-06f0fe9726ea,dba0da3e-85d0-586b-a5be-f612b1e5ff4c,2024-01-01 08:00:00+00,
d7a295c6-b9d5-505b-a0fd-2380f84b319f,c3605315-f3ca-5c9f-aba3-6897fc7f0470,2c4b7314-d7bb-52aa-8c7a-a7516e5eeca9,2024-01-01 08:00:00+00,
c55ac014-336b-5f23-be42-b343faa03ce6,1cad655d-cb7a-50a3-8d78-c72adb372e6e,7df370ac-bf18-5e22-8470-a90d30f80a1b,2024-01-01 08:00:00+00,
4f8a6781-ae5e-5d2c-941e-01b616b20909,9e1c080b-27c0-55c0-b475-f00a36705e64,4140807d-c496-53ae-8f87-15c93cde916b,2024-01-01 08:00:00+00,
bba8fd73-16ce-5e3a-a56e-88abbe530f69,86c37118-c487-53fe-95b0-4c5e1a8a1585,cb860f5d-baf8-5a1a-bb8d-715ea02920af,2024-01-01 08:00:00+00,
89fa5ce5-bb8f-5a8c-8ba0-e888678bccc9,eba1d32f-836c-5d8a-8513-8a79d305495f,365d1596-4f8b-5601-bc80-e9dc0ad6bb6d,2024-01-01 08:00:00+00,
5abf9021-df82-5914-91c8-b6f677422ea5,2cbb8480-ec11-5544-afb8-7d99371ad1d8,c56b6071-e42a-54ce-a650-ff4227c5a623,2024-01-01 08:00:00+00,
57460a1d-0740-5dea-b0f8-337f985edc4d,6f17cd00-2084-593f-a286-505a2937c15e,c9a2d072-aa79-5436-a92e-6a5de01ad0a4,2024-01-01 08:00:00+00,
ecf60565-61bd-57c6-bdc4-952acb60b704,1b3619b3-77e0-5b40-a9f3-99639ee011e4,1ae3ff03-0430-52b0-a6c8-9cb0930eabca,2024-01-01 08:00:00+00,
311413b3-67c4-576e-af56-7816331f9bd3,613fc2ce-7d75-55f5-a274-ad41ce757baa,6e92dcf4-090d-5c01-a3ec-178665f6531f,2024-01-01 08:00:00+00,
09b0669d-6677-5edf-bd50-b6d9664079df,e00f040c-298d-5139-acc1-3cdf8a4657b3,81918d51-f921-53c3-b296-282bf8751803,2024-01-01 08:00:00+00,
cbc96fb2-3503-5cee-87f0-17a9536d42c6,10745dd2-c7c2-50cb-ae71-334710a6035b,d021a25d-3e28-536b-8bed-255d2da1ac94,2024-01-01 08:00:00+00,
45b0fdec-1246-541a-863a-2a1271ab3056,799e802a-1e2d-575e-af1f-5852e7294d9e,93b0f4df-acf5-572e-b6a4-7979c3847675,2024-01-01 08:00:00+00,
c250597c-1733-567b-85c6-a72e4fe8db9a,87f50321-3f1b-58bb-afea-da78d8e8eb96,f03400f5-6379-528f-a884-912e998a9bbc,2024-01-01 08:00:00+00,
55227ed5-1bf6-5b3d-a5f2-aa5c4fd33f06,3e950cf3-4b0b-5834-8d69-3e7027606fac,8c78a253-1c63-57cb-b51d-e3dbfc580f6b,2024-01-01 08:00:00+00,
01f26e33-9e2c-5b65-b654-60eae604c73d,20e5a98f-ee5c-5674-b695-80dd47139161,aab7e15d-01e9-5f7f-88e6-b8a09f200ac2,2024-01-01 08:00:00+00,
968e5b4a-a210-515f-bd13-35e8a512f976,8111163e-3f83-569d-b2d3-0bae1354c76b,e60916b9-b699-5bb0-a19e-8e4fc52c86d2,2024-01-01 08:00:00+00,
c7e79f24-42b1-59d9-955e-bfd25123b4c3,8acb28f7-52bc-58d9-bc51-76db1e0cbab7,c2678f7b-587c-52d2-a630-1e73238b2754,2024-01-01 08:00:00+00,
0a92a961-dfd8-55f1-aeee-abc2d60a9ccd,c43f90b0-b60a-5c38-b298-83e9736b8f62,bd6d0af6-c7ae-558a-9ad7-a581f7a34b87,2024-01-01 08:00:00+00,
7912f796-b6db-5e9d-9d3d-513601d2efb4,30df50d7-4958-5d4a-9375-2fb3892ed435,1ff8a181-35a8-5bc8-84fd-3e882672ffc7,2024-01-01 08:00:00+00,
217c4352-289b-51f3-a9b6-34287749c69d,a5b34a75-c163-52d8-a0cc-c51244a7ff3e,d1916d04-f18f-5a0c-a865-a1851f1765dc,2024-01-01 08:00:00+00,
f2f51c4c-e85c-5d9b-a255-52aba11d4cd3,7243cbdc-e281-511a-a93b-3ff0a42bc85a,49f30c55-3164-52d3-96e6-d430644895d6,2024-01-01 08:00:00+00,
303446e1-f381-5268-846a-2a7f62913e53,03240297-cdb3-53d0-b407-2823160e6766,d180a995-d922-5f2c-bced-fe3f84df9c0b,2024-01-01 08:00:00+00,
376c0611-71ad-5a08-a4dc-c27772ab9cd1,d42e5fd7-9a3b-5678-a194-b670f8bb7931,0ab95811-a0cd-5dbc-9ac6-7dc3447968d3,2024-01-01 08:00:00+00,
4095ccf5-7654-5434-bcc2-ebb4add3af14,a7e0d126-17ff-5f20-b25c-59512ca53250,25b0fc22-0b2e-56e3-b1d5-e240c468edab,2024-01-01 08:00:00+00,
8a082008-6836-5094-99ae-3e7f3a7a961e,5d651571-a8e5-53ca-87af-2a51ef11b9ed,010805c8-01bc-5899-8ab9-c956338d3951,2024-01-01 08:00:00+00,
6f77b106-d3b0-5923-810d-0678392063b1,1b25acf6-dcd9-5238-bf55-f1ace85d4ca0,83849b12-4620-59d2-b438-9966f67e1be7,2024-01-01 08:00:00+00,
b34a4d0b-b49b-5b45-a3c7-3fed85cca86b,5a1f9dc3-578d-547c-a4d5-421bff7d10a2,7c016e60-77ed-5c4d-8e3d-8583f7795b6d,2024-01-01 08:00:00+00,
e70c36c6-6149-5b1a-a4a5-57eb3ccdf19c,b150f1df-15c3-5ffb-abf2-0942ee1e7e50,b430ec3f-1323-5428-988f-458eebff07d2,2024-01-01 08:00:00+00,
ef163371-1b14-55f1-b312-67988c1ed33a,67a5cbc4-a2b4-58b7-8cdb-a76e661222c9,67924c81-3af6-50ee-9028-58c0d09c44b8,2024-01-01 08:00:00+00,
380989ec-c121-54a2-9e53-6308439ff5f3,c6f48c7e-67c5-5b62-b14a-0c0822bb1e9d,d8260187-0b8e-59cd-a6c7-a0c19ff1c1d2,2024-01-01 08:00:00+00,
033f2c89-8859-5e9f-b327-02bb3a70751c,4ea0277d-24bc-5e4f-b68b-817f05c3c477,e5188c6d-3f2a-503c-94cc-6f994f345d5c,2024-01-01 08:00:00+00,
45eccccc-ee60-559e-93d4-fe0c7ae97c48,ec744ec8-7c58-5246-9348-ebbf0585d13d,f93d18a4-a52d-5ae7-bed9-5e756c52cf95,2024-01-01 08:00:00+00,
514b5c16-464d-51ef-9792-1da3dff9ade4,a5e5235d-44ab-5a75-87ee-4f91cc51b27a,82c0d00d-45e7-582e-9148-2a8681e3c472,2024-01-01 08:00:00+00,
634598b3-91ba-58c5-bc05-a8bb0a4c0afd,93acbde4-5329-5c18-b2ca-94e150c33f10,7bea5ef9-fc41-53f9-93c1-990d87ba7ea5,2024-01-01 08:00:00+00,
542fed5e-2706-55ec-a639-7352522a1d1c,414bb0f3-fe65-56cd-a239-49aedae39d79,458873c0-f449-5c78-ae8f-647e25719880,2024-01-01 08:00:00+00,
085ad639-3517-5cdd-b1af-c406dfb7be7a,c3c8f222-20b5-51f4-be14-65f5b3350b98,7e9850d3-d206-5be6-aa42-d9f41a6d4a8a,2024-01-01 08:00:00+00,
38463bb8-9eae-5333-8797-66966b7ce49d,7a6c3892-b5b5-5885-a78b-8812a2ad614b,e9b363af-4faf-5b89-b61a-7e1dcf19a528,2024-01-01 08:00:00+00,
d19d07d9-973c-5cb0-8325-b7f022d6df87,e68e02fc-5780-56d4-b314-c8d504ade0b1,721750de-d6f1-5cd4-862d-8545dcbaeb8c,2024-01-01 08:00:00+00,
9accdbd3-945d-5d50-b0da-56f8b5721508,adb5354a-ecf4-5d0c-b8f2-be2abe2bbd7d,357edde5-3d22-57ff-b7af-1a22cb0c4eca,2024-01-01 08:00:00+00,
e68c653d-23da-5e8a-ada9-47fab622c08c,146e5e89-50cc-597c-8620-9d226dfd6362,e9c467bd-b0f6-5a55-a61e-42024081e965,2024-01-01 08:00:00+00,
5f391427-a60d-5bfd-9147-57caa977f56f,a108fec3-caed-5f6b-b278-c00c128d259f,45afb115-eb38-5e8f-8f48-f491d77c8214,2024-01-01 08:00:00+00,
0809bc54-3d2a-56cd-a6e3-739d435043a1,68a103d6-ba5c-5f72-a692-68059d7350fe,f31ac60c-906a-52ba-b145-3bb89fac2c37,2024-01-01 08:00:00+00,
059caa78-9d9e-53de-a5a2-123b231df086,c4fab5bd-01fb-5fef-99c5-195a76648671,16e80bf5-f979-5ff1-b605-48e97edcf01a,2024-01-01 08:00:00+00,
6b7f85b4-ebb4-5590-9916-d3492899618a,b88919c6-0583-56fa-80af-cc86b393458c,f91a7a3f-74a1-595a-935a-acbc256ae50a,2024-01-01 08:00:00+00,
6c6d3f67-7c07-5a58-8410-a1a5ebed9340,2d0e53ab-fa1d-5e24-a2d3-07d9b454c4f7,1ae3ff03-0430-52b0-a6c8-9cb0930eabca,2024-01-01 08:00:00+00,
71367bca-1a31-5f1d-8dd4-0f22263b7e7f,89a5cd17-f349-546a-a8ce-1ee88bc52ecf,c0af463c-149b-53ad-b799-07939beb8b9c,2024-01-01 08:00:00+00,
33e9a0d4-dae0-544a-9744-40ca391dac7b,1c5abf0a-8bbe-598c-8b4c-570ea4ec9769,47c256d6-dd1b-5312-939f-089b87b6ad3f,2024-01-01 08:00:00+00,
6fb6b8e2-2142-5734-a5b6-84e38d4f44d3,272e344f-db61-5131-bb13-32b0951c14b4,31cbf5d4-2233-5195-84e1-ba1bc7ba3b45,2024-01-01 08:00:00+00,
4844b14a-fb48-5a85-ab5c-c8418e836353,28823092-945f-5751-a26c-601182a580ae,ea36b216-f05f-55b7-aae1-14d9eddfd8a8,2024-01-01 08:00:00+00,
791a1ea1-b481-59f9-bbf3-41eabc866a7a,cab6748b-fa68-5706-a34a-5c7a5e4709c0,c349c7af-7b0f-5ccf-8d0e-8b4c154ee401,2024-01-01 08:00:00+00,
3823a1eb-0593-5800-878c-e0013b85ef49,36e0056e-fad8-5dd7-9e98-252b17d6c37d,d021a25d-3e28-536b-8bed-255d2da1ac94,2024-01-01 08:00:00+00,
ee8de0ac-6fe4-5e91-aae5-5b6e994e943e,ffc26ae1-1b16-5489-8aa7-02c144dba817,1cf67535-10cf-5364-a9c7-5b0562d7a6d6,2024-01-01 08:00:00+00,
2f4aa3af-78da-5b73-b25a-4552551d808e,fce76f45-a91b-5897-92b4-7b147b03f2b4,c56b6071-e42a-54ce-a650-ff4227c5a623,2024-01-01 08:00:00+00,
afb548c4-3923-573e-bbd2-7e1decf226cd,fe69467f-a567-5349-9992-55924a1ac8ad,b9aec7bd-f7f9-55cb-b673-5177ddff5e0d,2024-01-01 08:00:00+00,
84d387cd-ca09-577f-85b4-c8c5b8773ffa,80ec9060-dada-5f2d-9c26-397981d36d59,0107d693-ff47-5580-be40-aa22ed1986bd,2024-01-01 08:00:00+00,
218cc307-1e9c-5421-8920-0c1c85db8fbc,346226a4-6eaf-5ed8-885a-3715d96ed0c5,458873c0-f449-5c78-ae8f-647e25719880,2024-01-01 08:00:00+00,
bb9210d5-66f0-5f08-a7b8-189ffc73a0fc,a77f9097-eadd-5fb5-bd75-ed90b7ba0d5c,6e1d922d-415a-53d0-97d8-f4767299c10e,2024-01-01 08:00:00+00,
b4e38de0-b0be-5ebe-a504-15a044fc3c5a,0f6e7ecd-e9ba-5239-b309-3efe19a77797,b17bd294-5e8d-559e-839e-fef82f606254,2024-01-01 08:00:00+00,
8e7eb35a-af46-5324-aa9c-0341a4d59fa1,5bbda42f-3307-574a-985e-67f19d9a05a2,eade953b-7d01-5fb7-bd66-8cb56595e13d,2024-01-01 08:00:00+00,
af7fcc1d-f678-5e2c-9528-48fc1d020bbc,e3799c8d-2128-516d-8426-9ee8f361723d,c9a5d9ff-f0a8-599f-a88f-dcf1e92cd661,2024-01-01 08:00:00+00,
68fd56be-c325-5d80-b1ad-745975e729c1,3daf900d-0b3b-5300-8a5d-0270eee71080,5fc6df46-bde2-512d-a190-0aa18f097b6b,2024-01-01 08:00:00+00,
3f604e7e-ec09-5869-987f-1f74b9516b50,3f44b6d4-e57e-5940-bc27-0477c3475ca3,6c4cf2e7-61f7-579a-9589-af076d22fd4f,2024-01-01 08:00:00+00,
14e4bbbb-2966-5d3a-8eaf-633c4dd6a5bc,fab7923a-737d-540a-8f79-0b9bada85dab,6e6c421d-05aa-5e8a-840b-f960631379fa,2024-01-01 08:00:00+00,
10785af8-8fdd-5c24-a7ff-787f2d45d1db,c7c78db3-ccdc-5a8d-b9db-9f72bf7c754b,8c8c96c9-b8bb-54cb-9fb5-715696dd2e04,2024-01-01 08:00:00+00,
20c886e6-9b15-544d-8676-17d97b783e01,9a547b66-0345-5649-a636-46e5e947285c,a04395ac-2eff-5277-acf7-ecbb69cfd7a0,2024-01-01 08:00:00+00,
113b568e-f7a4-5b91-b938-9d2cccf79a81,58cd2e7a-4821-5f99-b704-c4899996a19b,a6e82603-6e86-5169-91a4-8d7c1f45d667,2024-01-01 08:00:00+00,
fcdc9a9d-4f7b-5f0c-95b7-bc33430080a7,3f4629b8-ddf8-59b7-b5ff-2f982e4b0095,a0c37bcb-7c17-5765-b843-4f4d88f5dd52,2024-01-01 08:00:00+00,
3d89d952-35c0-5784-a178-942e6b90a810,799bca4f-ee52-5ad3-bee6-6c8acec3b1e2,ceec20ba-5cbc-5841-a953-c53864bae34b,2024-01-01 08:00:00+00,
e3e33660-ccbc-532e-adef-10f2719c55b4,c694ac41-aac1-5cfe-8a60-d6d8b09ee9f2,3ebd62e2-76cf-5b92-897d-0e12a8f0c31f,2024-01-01 08:00:00+00,
8c4cb79a-3880-53a3-8d43-5956776e6fd3,8dc0e3c2-d015-5487-99a8-0ec6f5051af1,7a013b8b-c2f1-58c5-8906-55c5ed3b5dab,2024-01-01 08:00:00+00,
f8c1d3fc-135a-53ff-a9c1-0302232c3d9b,60a2fcf3-855a-53d6-a3aa-b4ecf2d36925,39acaddf-1233-54d7-a2b0-ae4649dcb6dd,2024-01-01 08:00:00+00,
434a9dba-eb7e-56a3-903f-46db7d3f82c1,a2caf8af-15fe-5c68-88db-a521774528ea,588a42d6-d84c-579a-b2aa-e1358e196f99,2024-01-01 08:00:00+00,
81ee792a-d63a-512b-b18d-dd16b8852456,7cd92409-32ab-59ce-8473-a94b059d42f2,7e9d99da-c4f2-5c67-a69d-518b479af947,2024-01-01 08:00:00+00,
de90e901-d315-5c68-8b64-21f380032407,4b47b21f-0624-56b7-b294-addd20877654,b0a44c22-e899-52ff-98a1-85dc4e254380,2024-01-01 08:00:00+00,
0303b49f-c129-5da5-9cb7-0ecedc83c4fe,f3b7db60-c201-5020-bf25-871eaccad88b,3d98d17a-faac-57af-933a-a5b68415b2ce,2024-01-01 08:00:00+00,
8ef018ff-362e-5b35-9a9d-b955d1663b98,23a7d1d0-3a39-5613-9db5-32472354e19f,70520aa1-57d2-5096-be05-c47187eea54a,2024-01-01 08:00:00+00,
903f762f-79d1-522d-ba71-64c25d57f465,e4c7e6e0-6b8c-57f5-b304-a954e96f5548,813b20bb-1a28-5712-a6ca-2dd696ac3b1b,2024-01-01 08:00:00+00,
6a27e420-6b58-569d-a198-f4f2dc3af610,1c090266-6a27-52ce-99ab-3127103269b1,dc2b7ac6-b1a9-5d2b-b130-8db28a4c4ca3,2024-01-01 08:00:00+00,
1669a682-e6c3-5737-b7d8-fa62c3756ec0,98635ba4-074c-57f5-8aab-9cba482474d4,57312c0b-4717-5278-aa1b-1b0e041e2256,2024-01-01 08:00:00+00,
00a0442d-05fa-5c69-93b4-5f6e06a4af73,2405ce70-9de8-5e51-b7bc-c61a6d87bd9a,7cff550d-7458-54fe-906b-849912e2bac5,2024-01-01 08:00:00+00,
fd84972f-a25e-597e-a68c-71893fb2119f,7ed1aaa4-ac42-5f81-bcf7-7d1e26417662,145680b0-7169-50c0-870e-bd204709d72d,2024-01-01 08:00:00+00,
dce274a0-044f-51b1-bfea-af875fd0de82,aa90a538-b911-5e45-bc72-3d267303ef06,f93d18a4-a52d-5ae7-bed9-5e756c52cf95,2024-01-01 08:00:00+00,
ca6c0233-0ef0-5940-a817-b9ca9777f086,a3e73ad8-5f44-5320-b00c-0d8e3e51dd9d,f200e612-3901-5e84-8611-612ea6575efa,2024-01-01 08:00:00+00,
128364ef-67c4-57fa-8793-e83afd6b0b24,321780c2-f015-516a-8deb-fcd2af0fa23c,187a4cef-2d3a-5a35-a719-21abbf5a0623,2024-01-01 08:00:00+00,
df349abb-0f44-500a-afb6-65308b6e1f01,5b6aba54-308b-5a56-8bbb-7502ae67d847,3d18327f-e1fc-5926-943c-c64c3863d165,2024-01-01 08:00:00+00,
a1d4f45b-f7cf-5c5e-842c-9617e1ec16b2,e0923550-b650-5971-8c7a-91009784e3d5,eec646c4-fef7-5835-8fb4-19290bc6eb2e,2024-01-01 08:00:00+00,
b273b1a6-2895-581a-96b1-79dafd7cce31,29de6fc5-5179-57bb-b567-bff5189e3bce,4448b932-86d3-5be1-b994-cd0971b4a5e6,2024-01-01 08:00:00+00,
2f4a10bd-685f-5b70-b33e-8fc58d5de9ce,b7f02e38-90e6-501b-8961-1d2d8d0b4a20,704db3ad-5a92-5676-9354-361f580362a9,2024-01-01 08:00:00+00,
e74dc49f-9c3a-515f-8433-78a5b93b9534,20aade3d-58fe-5ee4-94d5-dde212367937,e1f97c14-167b-5419-bf15-c3399108cbd4,2024-01-01 08:00:00+00,
62c1a919-f568-50b0-a22b-792727bf5caf,a8361f63-b967-57e3-98e6-de35f1bf3399,53c6e1fb-1bf0-5e48-a9f7-59ce8ee1743a,2024-01-01 08:00:00+00,
0a6de581-001f-51fc-bf70-81b247291225,e153701c-f7d3-5121-a787-525e3365b0b7,8287bc7d-3ff0-533a-94cf-d16a03c87dd8,2024-01-01 08:00:00+00,
15d48932-b0ef-5e6a-9fc0-12a8815368ed,1402fa8c-86b5-551b-8d23-fbb7260079c1,195bc731-fdfe-5f07-ac2e-651265c534fb,2024-01-01 08:00:00+00,
0338ef03-a68d-5528-ad90-a6121863aa45,89568666-484a-5dab-bf1f-abe0fb6e229f,a080f3ab-6ea0-59f4-b082-807399acde92,2024-01-01 08:00:00+00,
ceede147-9957-5410-b795-15a0a9cb49bf,44d353c4-b4bc-5d63-9311-b6be34a5c12b,f808e418-9c5a-5330-9113-30e06ed54fe1,2024-01-01 08:00:00+00,
3ee81796-981f-55ed-a723-a0bed77157fc,b1411929-a4d8-50b9-be92-f621a7f20947,d56202a0-5ac9-5000-bdef-df809a781522,2024-01-01 08:00:00+00,
0f96886a-7c34-5c4f-9a2c-81bde7c25141,9def4463-13bb-51c3-8363-3f1888ed1c52,c1c1e329-8662-5802-8ed5-307262f6efb8,2024-01-01 08:00:00+00,
7a19cdc9-3e8c-5996-877f-a1aaef02a514,633c0cad-429c-5ce1-9c75-cbeae83bcc47,7de7b716-3ff4-57fe-a95e-72300415b723,2024-01-01 08:00:00+00,
56d982dc-c025-5089-b8e3-c6176a445738,d72719e0-8415-5c50-987c-1e1eb7284565,f64331a4-51a2-5b06-9056-d0c2cad44675,2024-01-01 08:00:00+00,
6efae230-61cb-5f49-a960-c489af7f919b,0532af3e-0aa6-58bb-9910-8559c62efcc2,54260fee-f3f7-58fe-9a39-b63e36c1e727,2024-01-01 08:00:00+00,
40e40b0d-8ccc-5307-825f-e1a4a09ae4ad,bedbfa6b-2bc1-5f7d-8202-6f1107dcdfe2,15ada178-ab08-5d50-8c47-55eb2c7d023e,2024-01-01 08:00:00+00,
0d4576ce-af8e-53cc-b82e-68e04b0291d6,a153a7fb-ff64-5b53-95aa-7e7eaad9b5c7,b07b1f6d-32ca-5f43-a188-3e89e35f97c9,2024-01-01 08:00:00+00,
f9d23c8a-39ed-5713-a176-e9b24d61028b,1aee7ab1-8d71-592d-9938-77a44971dcc2,fe3ceda1-6c81-544e-8fcd-530ba770d347,2024-01-01 08:00:00+00,
8565ca4f-c904-5904-a217-e2c845455caf,fd3c4a3c-f06e-5a3f-87cd-cf77f02b707d,d1b7dbbc-bd6f-51f7-b643-f48f82ea753b,2024-01-01 08:00:00+00,
086f2ee0-d4dd-54e9-bf81-dc81b0243d6e,08d6851b-a3c6-5f5e-88bd-d07b0a50d709,49289ad8-b0da-55f8-867b-a1962adfba1f,2024-01-01 08:00:00+00,
f42ef705-60fc-5744-a253-296e4a39fb9a,28e3adba-d93b-5a85-b09f-6a00d1ff3b31,8b1a829e-0d7f-588a-922a-6c164461e7b5,2024-01-01 08:00:00+00,
49a574b0-7794-5f67-8363-fe9c20d2b6df,64bca538-1c1d-5ed9-a9a4-56999daead7a,214b5ce7-3d2d-57b6-867b-f3bdfd0c81ec,2024-01-01 08:00:00+00,
873e9361-0bca-5e52-8a09-d622da7951cc,61489b1e-fed3-5823-89f2-64bab7c683c2,8287bc7d-3ff0-533a-94cf-d16a03c87dd8,2024-01-01 08:00:00+00,
79c33672-8677-5720-b5e9-949738478964,76c1b8fb-490f-52d0-a8d9-b0dff5c1b597,b17bd294-5e8d-559e-839e-fef82f606254,2024-01-01 08:00:00+00,
fe51d39b-c038-5726-8acc-9ccb8cae8d17,a3f19575-c1ee-5e2b-9a21-018f90080540,d2c87000-5b70-5976-a25c-9eda509d61cf,2024-01-01 08:00:00+00,
45b9ec21-1405-5e1b-afad-afc730064f21,8f0e028c-be96-5076-8f85-7cfc572ea77b,f1259639-3bbf-5f47-be83-bfa26b97f138,2024-01-01 08:00:00+00,
9146e130-5cc9-5ce0-a216-6f0e7b4b3422,6d76c3d2-8be0-5081-8ce9-ee1b14cf993a,5753ff0a-2a11-5545-afd1-78cc5eeeda11,2024-01-01 08:00:00+00,
e59a7bc1-41d4-5439-ac1d-7ea80eb4f3ea,f79ea95a-49a9-59ea-a229-a78c5d516cf2,ee8c805b-d5e3-5755-a79d-7ffdcd49a251,2024-01-01 08:00:00+00,
f189a233-acde-5c7d-a1d7-8d6bb1c653e2,a89cd314-8ffa-52e8-ba8c-bf7315b28430,929f8222-bce3-5ade-9726-06a45c731d41,2024-01-01 08:00:00+00,
2e1e34f6-f1b8-531f-aee9-b03b5d791542,641e3029-14fa-572a-b7a5-0e189bce8df7,cf87428c-b80a-5b0f-a864-51ee8a26e991,2024-01-01 08:00:00+00,
77134666-6c73-5ebd-89f3-5ec8f906d28d,f6d5f9e3-1f70-5437-a22b-3d1c54fd9596,b2d6149d-18ec-5efa-bb2b-a49f58917eeb,2024-01-01 08:00:00+00,
95efe45b-4592-51f4-b5ca-0b6827740fd9,7e06e9ae-d071-5ae3-a995-074d29bbefe4,7910ac44-1e40-56bb-9ab8-d9ba56ac335c,2024-01-01 08:00:00+00,
efc19fcd-29f6-5232-8dc2-fea4124dbfc0,4277bc1e-b30a-5395-9397-4892450082e3,2a212a2a-5bcb-5e44-838e-0ae59d5580be,2024-01-01 08:00:00+00,
