id,product_id,warehouse_id,stock_level,reorder_threshold,updated_at
b34a4d43-5065-5f43-aa3a-da8a42d21d0b,c0f44500-e1d1-59e0-b53b-e0e98b24a7cf,81c0642e-2463-5abd-ae26-b4b567d51419,279,94,2025-01-02 09:09:57+00
dd798cec-0438-5791-840a-69609f2884c6,c0f44500-e1d1-59e0-b53b-e0e98b24a7cf,a71f4bf4-a78e-5fa3-a8bd-e34ee2c97dcd,113,48,2025-01-02 09:00:04+00
911dae5a-3fe7-551a-b50b-9971e20ae758,dfaf50bf-7ed8-5e30-b115-e55c44d8e0c1,42ad692d-b82d-5a13-91a1-a9fd0fcaf73b,423,105,2025-01-02 09:12:13+00
6dbb9aa7-99df-57e9-b935-ef72f15ac29e,dfaf50bf-7ed8-5e30-b115-e55c44d8e0c1,6400998a-1542-5bd0-baca-290648d04849,180,103,2025-01-02 09:26:52+00
14812645-c668-5b3c-bc8b-113077e6fd2b,5abd18e8-de32-5af1-b593-d3190e9164a5,81c0642e-2463-5abd-ae26-b4b567d51419,132,72,2025-01-02 09:02:02+00
a34cf84f-bba1-5eeb-9489-fc7108bf4352,5abd18e8-de32-5af1-b593-d3190e9164a5,8517ed2a-3738-5e12-a1bc-f0e872fd3d71,169,113,2025-01-02 09:19:03+00
337f9e0b-72be-5142-95c6-52182355ed9e,98f9ed1d-3d10-5a68-a387-66981e9dde59,6400998a-1542-5bd0-baca-290648d04849,356,105,2025-01-02 09:11:54+00
b9387aec-1a90-51a0-a259-9fffa88a56d8,98f9ed1d-3d10-5a68-a387-66981e9dde59,81c0642e-2463-5abd-ae26-b4b567d51419,148,41,2025-01-02 09:00:29+00
2ba65457-07fc-53c8-ae42-75985e59878b,b8b98483-157a-5ddb-81bf-f65f95613caa,81c0642e-2463-5abd-ae26-b4b567d51419,194,62,2025-01-02 09:22:42+00
25ac6331-1003-5d31-b60c-cb98319be387,b8b98483-157a-5ddb-81bf-f65f95613caa,6400998a-1542-5bd0-baca-290648d04849,52,44,2025-01-02 09:02:42+00
64af3ea8-a14f-5e27-b672-8af9372ad58d,b8b98483-157a-5ddb-81bf-f65f95613caa,8517ed2a-3738-5e12-a1bc-f0e872fd3d71,197,93,2025-01-02 09:24:01+00
b1a8d3d6-a80e-5395-a17d-bb4cabca2e27,ebdcc5e9-63c3-5a52-9521-f031c6154feb,a71f4bf4-a78e-5fa3-a8bd-e34ee2c97dcd,247,80,2025-01-02 09:08:15+00
c1770e2a-f3dd-5caa-9ae6-b170c3c7da15,ebdcc5e9-63c3-5a52-9521-f031c6154feb,81c0642e-2463-5abd-ae26-b4b567d51419,68,49,2025-01-02 09:23:01+00
7031486b-1bd4-550d-a28c-f17444c2bf41,6e22d3ea-9fc0-56fa-a367-352e633df40c,915b9517-c3e0-56bb-9f5b-959c6c507cc4,79,68,2025-01-02 09:09:05+00
6c5ffa72-dbae-5eea-b390-41a3d9adbaf8,6e22d3ea-9fc0-56fa-a367-352e633df40c,8517ed2a-3738-5e12-a1bc-f0e872fd3d71,61,45,2025-01-02 09:16:21+00
b24e6a90-065f-554d-8acc-497d76e4423b,0f7722fa-332a-5a19-922d-1d9cab8dda65,42ad692d-b82d-5a13-91a1-a9fd0fcaf73b,124,76,2025-01-02 09:21:28+00
e2d7233f-c783-5c30-9490-b7b59e005c66,0f7722fa-332a-5a19-922d-1d9cab8dda65,a71f4bf4-a78e-5fa3-a8bd-e34ee2c97dcd,102,79,2025-01-02 09:09:18+00
d8bd0651-1ab7-581e-8728-35e7be6f7282,e3a10959-a74e-5cdd-bd80-3c24836fb062,915b9517-c3e0-56bb-9f5b-959c6c507cc4,279,77,2025-01-02 09:24:24+00
764baf2c-9074-5641-b3a5-8b4789144c63,e3a10959-a74e-5cdd-bd80-3c24836fb062,22113422-0935-5ebd-b323-7908c0e6bfd5,112,78,2025-01-02 09:05:30+00
e59efff1-8361-5de0-aac5-eb6ac6d52883,e3a10959-a74e-5cdd-bd80-3c24836fb062,8517ed2a-3738-5e12-a1bc-f0e872fd3d71,197,71,2025-01-02 09:20:31+00
78337c24-74b3-599a-8bf2-4035d97c4aa5,6852d7e8-9827-5aa7-a439-140e7dac645a,6400998a-1542-5bd0-baca-290648d04849,96,71,2025-01-02 09:23:29+00
1e5c0116-b4d9-5e1f-9531-b5bd3d428785,6852d7e8-9827-5aa7-a439-140e7dac645a,81c0642e-2463-5abd-ae26-b4b567d51419,227,92,2025-01-02 09:13:42+00
c9648ff3-6085-5edb-81f7-40f3ee158f7f,6852d7e8-9827-5aa7-a439-140e7dac645a,6d6d0a34-9f5e-59b5-8834-675b7c7c4f20,392,109,2025-01-02 09:07:28+00
218143c7-3027-594c-b6f7-01015e73a57f,5b72fcba-23c2-5ea7-9dc2-b32eca367733,81c0642e-2463-5abd-ae26-b4b567d51419,123,88,2025-01-02 09:26:44+00
175688e0-8208-5152-99dc-110d4ba8e7c2,5b72fcba-23c2-5ea7-9dc2-b32eca367733,915b9517-c3e0-56bb-9f5b-959c6c507cc4,192,79,2025-01-02 09:14:09+00
cf7f0372-64d1-5489-ad8c-7e351ae58451,c914dcac-18fe-5928-87c0-80e93bb776c2,a71f4bf4-a78e-5fa3-a8bd-e34ee2c97dcd,115,47,2025-01-02 09:08:41+00
52cec563-71b1-55bc-9059-e12e8f437a41,c914dcac-18fe-5928-87c0-80e93bb776c2,6400998a-1542-5bd0-baca-290648d04849,152,58,2025-01-02 09:02:27+00
035fc1d1-eba5-5a36-b04a-6387c8c84b89,d6481438-ce10-5e85-8b0a-fbc48dcd19e7,915b9517-c3e0-56bb-9f5b-959c6c507cc4,321,106,2025-01-02 09:06:14+00
8f069240-4292-57b2-8b74-b64936bffd45,d6481438-ce10-5e85-8b0a-fbc48dcd19e7,8517ed2a-3738-5e12-a1bc-f0e872fd3d71,170,87,2025-01-02 09:05:51+00
3d408062-920b-5d8e-9518-016dc6dfaac7,015ee94d-a0dc-5a3a-96b4-4318093cd0c8,8517ed2a-3738-5e12-a1bc-f0e872fd3d71,110,57,2025-01-02 09:27:26+00
bfb6989e-aec9-5037-8e98-68f3345f7d40,015ee94d-a0dc-5a3a-96b4-4318093cd0c8,6d6d0a34-9f5e-59b5-8834-675b7c7c4f20,210,90,2025-01-02 09:14:03+00
35adbc2f-18e0-532e-8c93-7ed2270b744e,a4acb526-e0ea-590e-9293-ff9e90059c15,a71f4bf4-a78e-5fa3-a8bd-e34ee2c97dcd,195,56,2025-01-02 09:10:20+00
547fb766-5862-5f98-be4f-8e9baa8287a4,a4acb526-e0ea-590e-9293-ff9e90059c15,81c0642e-2463-5abd-ae26-b4b567d51419,92,73,2025-01-02 09:15:26+00
f5eafaae-e232-5b30-a550-261898da338a,3ba63656-6a91-5254-8fd9-1b6d20dced02,81c0642e-2463-5abd-ae26-b4b567d51419,217,74,2025-01-02 09:04:37+00
be3dc9f7-e582-5a16-985c-66b7591fc9af,3ba63656-6a91-5254-8fd9-1b6d20dced02,22113422-0935-5ebd-b323-7908c0e6bfd5,144,65,2025-01-02 09:10:55+00
abab410f-e7cd-5090-86eb-4cdac48cd52d,3ba63656-6a91-5254-8fd9-1b6d20dced02,6400998a-1542-5bd0-baca-290648d04849,284,114,2025-01-02 09:23:37+00
e9da9d30-f8cc-5615-845f-a928da9c69d1,3f7c929e-b070-5624-afcb-413255a3e8b7,22113422-0935-5ebd-b323-7908c0e6bfd5,154,99,2025-01-02 09:09:06+00
c10487d7-2a06-5ea8-a9d7-571e74ecca56,3f7c929e-b070-5624-afcb-413255a3e8b7,6400998a-1542-5bd0-baca-290648d04849,67,55,2025-01-02 09:23:31+00
740b1f04-a512-5abd-810b-0bd310c77543,fc7fc417-cce4-5f70-a6f1-8ce7a0edf5e9,42ad692d-b82d-5a13-91a1-a9fd0fcaf73b,149,99,2025-01-02 09:07:28+00
e99266ce-17a8-5e89-8ba0-16dfa093dac8,fc7fc417-cce4-5f70-a6f1-8ce7a0edf5e9,22113422-0935-5ebd-b323-7908c0e6bfd5,200,55,2025-01-02 09:23:52+00
fe8cb51b-3dce-50c6-9cac-f4e96e966c24,87bd34d0-75d8-568d-abd0-77f535fdb719,915b9517-c3e0-56bb-9f5b-959c6c507cc4,168,58,2025-01-02 09:19:37+00
6cc3f380-adea-5e05-abb6-8eee27d97189,87bd34d0-75d8-568d-abd0-77f535fdb719,8517ed2a-3738-5e12-a1bc-f0e872fd3d71,115,71,2025-01-02 09:25:15+00
550f946d-3a59-543b-9ad0-217ae2b06ec9,87bd34d0-75d8-568d-abd0-77f535fdb719,22113422-0935-5ebd-b323-7908c0e6bfd5,239,90,2025-01-02 09:29:27+00
a3de8847-6288-515f-be51-6e22aaf1ecbf,12d2e257-18af-5ea5-9b8e-109e869b4b9e,6d6d0a34-9f5e-59b5-8834-675b7c7c4f20,113,43,2025-01-02 09:06:05+00
d6ebeab8-561e-5667-91b8-d3f61edb75da,12d2e257-18af-5ea5-9b8e-109e869b4b9e,a71f4bf4-a78e-5fa3-a8bd-e34ee2c97dcd,235,97,2025-01-02 09:09:44+00
fd3c5cb6-b7a2-51f1-92b7-fc42a49b3603,12d2e257-18af-5ea5-9b8e-109e869b4b9e,8517ed2a-3738-5e12-a1bc-f0e872fd3d71,228,110,2025-01-02 09:11:37+00
c76e8ef4-4048-5dca-8cf1-8c71794523eb,7139ebf2-1aff-593d-9366-22949a04fd61,8517ed2a-3738-5e12-a1bc-f0e872fd3d71,119,55,2025-01-02 09:07:13+00
c28157d5-8fb5-5e25-9f52-35eb7130b3a9,7139ebf2-1aff-593d-9366-22949a04fd61,a71f4bf4-a78e-5fa3-a8bd-e34ee2c97dcd,143,68,2025-01-02 09:20:28+00
96790118-976f-5387-84cb-66d92b372897,7139ebf2-1aff-593d-9366-22949a04fd61,42ad692d-b82d-5a13-91a1-a9fd0fcaf73b,322,91,2025-01-02 09:24:42+00
acbb002b-20cb-5405-9f47-d581802ae59c,48b59f70-e096-547d-97be-0afd9e0ef1f4,6d6d0a34-9f5e-59b5-8834-675b7c7c4f20,49,49,2025-01-02 09:13:34+00
846f7d41-e516-59e4-b282-115948022e6c,48b59f70-e096-547d-97be-0afd9e0ef1f4,a71f4bf4-a78e-5fa3-a8bd-e34ee2c97dcd,119,48,2025-01-02 09:00:26+00
a73a99ff-3f9e-535c-beef-ac0ab9fa739e,c7c80e8e-2456-5c4b-97cb-5d6b8aea9e11,22113422-0935-5ebd-b323-7908c0e6bfd5,113,55,2025-01-02 09:28:55+00
0f37f46f-19b5-5289-a02a-ad3842b77109,c7c80e8e-2456-5c4b-97cb-5d6b8aea9e11,915b9517-c3e0-56bb-9f5b-959c6c507cc4,294,99,2025-01-02 09:09:52+00
61eec343-8629-566d-80d1-a18e890f1b4f,c7c80e8e-2456-5c4b-97cb-5d6b8aea9e11,42ad692d-b82d-5a13-91a1-a9fd0fcaf73b,185,113,2025-01-02 09:04:19+00
41bf1d0a-fc44-5fc7-9cc4-58d3ae062487,8243c793-3801-5a72-86e5-9ab29d8d498d,42ad692d-b82d-5a13-91a1-a9fd0fcaf73b,228,94,2025-01-02 09:08:39+00
2c7488c0-c190-5440-b1bd-9a7122812792,8243c793-3801-5a72-86e5-9ab29d8d498d,915b9517-c3e0-56bb-9f5b-959c6c507cc4,150,67,2025-01-02 09:00:53+00
2ca9c24c-73b9-5cc9-a666-d8a62c733087,8243c793-3801-5a72-86e5-9ab29d8d498d,6400998a-1542-5bd0-baca-290648d04849,141,75,2025-01-02 09:18:19+00
918daaf1-2903-5db7-aaf5-95392f1395c3,5e2cc5fc-7d5b-5bba-ad99-4412ab325860,915b9517-c3e0-56bb-9f5b-959c6c507cc4,452,119,2025-01-02 09:02:51+00
b4f020e6-517b-59d9-9199-1a0f53b179bb,5e2cc5fc-7d5b-5bba-ad99-4412ab325860,6d6d0a34-9f5e-59b5-8834-675b7c7c4f20,110,77,2025-01-02 09:15:28+00
1591a551-0d9c-5f71-8464-b2778a5bfcca,ce143825-d54b-50ec-92fe-c61fdb5ae610,915b9517-c3e0-56bb-9f5b-959c6c507cc4,168,89,2025-01-02 09:09:39+00
efb9ddea-ec9b-5271-b21e-741a8764b4d0,ce143825-d54b-50ec-92fe-c61fdb5ae610,42ad692d-b82d-5a13-91a1-a9fd0fcaf73b,200,65,2025-01-02 09:24:09+00
36b69a7e-7f07-59bc-bec6-5bd2928a80f6,ce143825-d54b-50ec-92fe-c61fdb5ae610,22113422-0935-5ebd-b323-7908c0e6bfd5,142,107,2025-01-02 09:21:28+00
c52eab79-ee82-5561-8fb5-d68415d6e63a,22326882-02d4-5cec-806a-1e1016a55411,a71f4bf4-a78e-5fa3-a8bd-e34ee2c97dcd,182,85,2025-01-02 09:09:26+00
b638a0e0-51eb-5cf8-ba36-2247426eabf4,22326882-02d4-5cec-806a-1e1016a55411,42ad692d-b82d-5a13-91a1-a9fd0fcaf73b,320,102,2025-01-02 09:04:43+00
a227885e-52b2-5f67-8c71-b05c4f0cba85,5f832cdc-1407-55fc-8fd5-76ca28247722,a71f4bf4-a78e-5fa3-a8bd-e34ee2c97dcd,92,43,2025-01-02 09:12:32+00
bf94ea5c-e43f-58c4-a9b4-3f097b0accc6,5f832cdc-1407-55fc-8fd5-76ca28247722,22113422-0935-5ebd-b323-7908c0e6bfd5,218,68,2025-01-02 09:22:57+00
f3fc895e-941c-5ec1-8f6e-d4cde710d364,5f832cdc-1407-55fc-8fd5-76ca28247722,8517ed2a-3738-5e12-a1bc-f0e872fd3d71,103,75,2025-01-02 09:08:05+00
0a18bb51-46de-5f2c-9d0f-921d01b12917,f3d43083-cf37-52fb-bc02-bff47203b7c9,81c0642e-2463-5abd-ae26-b4b567d51419,210,69,2025-01-02 09:19:29+00
c376b50c-1f61-5348-bc7a-14d19b83c449,f3d43083-cf37-52fb-bc02-bff47203b7c9,a71f4bf4-a78e-5fa3-a8bd-e34ee2c97dcd,104,52,2025-01-02 09:23:52+00
ebb6f3a0-d414-55bf-9593-dbf1359a5d4b,f3d43083-cf37-52fb-bc02-bff47203b7c9,6d6d0a34-9f5e-59b5-8834-675b7c7c4f20,198,70,2025-01-02 09:23:57+00
6d0a5609-e3d2-5577-98c0-cae4bb939783,d02cf696-fbfe-56b7-8ff3-89608483ee25,6400998a-1542-5bd0-baca-290648d04849,218,89,2025-01-02 09:28:04+00
4c07d36a-5abf-5976-945d-d2a962cb31f1,d02cf696-fbfe-56b7-8ff3-89608483ee25,6d6d0a34-9f5e-59b5-8834-675b7c7c4f20,103,62,2025-01-02 09:24:59+00
6b60b4f2-e733-5006-878c-34c00cbe1d01,8191a9f6-2263-53f2-a6a6-4c31e81e996e,81c0642e-2463-5abd-ae26-b4b567d51419,200,85,2025-01-02 09:27:28+00
a16ea6c2-a305-5337-aab5-8afd09fec523,8191a9f6-2263-53f2-a6a6-4c31e81e996e,6d6d0a34-9f5e-59b5-8834-675b7c7c4f20,175,112,2025-01-02 09:29:02+00
0d8fc6b1-de3d-5aef-a121-7d19de082a4a,8191a9f6-2263-53f2-a6a6-4c31e81e996e,915b9517-c3e0-56bb-9f5b-959c6c507cc4,200,64,2025-01-02 09:13:39+00
9aae7660-695c-53db-917f-d2e8c96308b6,9b88c78b-34e7-51c0-8f51-940e61379648,6d6d0a34-9f5e-59b5-8834-675b7c7c4f20,53,44,2025-01-02 09:18:01+00
e577fa53-9ba7-5178-a899-bee6f899cb15,9b88c78b-34e7-51c0-8f51-940e61379648,8517ed2a-3738-5e12-a1bc-f0e872fd3d71,141,69,2025-01-02 09:22:13+00
8d544f66-85bd-5e08-879a-3b440259b3a3,9b88c78b-34e7-51c0-8f51-940e61379648,6400998a-1542-5bd0-baca-290648d04849,87,42,2025-01-02 09:11:31+00
a640a457-73fd-5c0b-bee4-fb7966607567,d6e9c7be-33cb-5851-ab77-08e587828108,81c0642e-2463-5abd-ae26-b4b567d51419,176,65,2025-01-02 09:25:39+00
887ac621-5580-5e8d-80b6-7062f598c496,d6e9c7be-33cb-5851-ab77-08e587828108,6d6d0a34-9f5e-59b5-8834-675b7c7c4f20,292,83,2025-01-02 09:21:21+00
b68322da-a304-59f6-b253-35fb9d9e41e7,f3c9e6db-5001-5325-b688-27d1d3fc04c1,915b9517-c3e0-56bb-9f5b-959c6c507cc4,177,115,2025-01-02 09:06:20+00
a0b58e46-1b0e-559d-a249-b0b1b326599d,f3c9e6db-5001-5325-b688-27d1d3fc04c1,42ad692d-b82d-5a13-91a1-a9fd0fcaf73b,58,58,2025-01-02 09:15:26+00
5a6a3f04-57c5-596f-93bb-3404943608e3,f3c9e6db-5001-5325-b688-27d1d3fc04c1,8517ed2a-3738-5e12-a1bc-f0e872fd3d71,149,107,2025-01-02 09:27:05+00
7345c020-93d9-5105-a179-12f8b91fa7e9,63b368d3-a702-5229-a0eb-00c0e02acf2c,81c0642e-2463-5abd-ae26-b4b567d51419,274,90,2025-01-02 09:27:45+00
71bcbe98-e819-5489-9dd6-414d4e6ddbc7,63b368d3-a702-5229-a0eb-00c0e02acf2c,42ad692d-b82d-5a13-91a1-a9fd0fcaf73b,143,83,2025-01-02 09:14:45+00
0bd59598-b271-50d8-ae02-3b48c7747c10,a32a21a2-1fde-52e6-a745-494a810ef82b,22113422-0935-5ebd-b323-7908c0e6bfd5,247,95,2025-01-02 09:17:10+00
f47301f6-d908-5326-9e77-9b7b91103f1a,a32a21a2-1fde-52e6-a745-494a810ef82b,81c0642e-2463-5abd-ae26-b4b567d51419,332,102,2025-01-02 09:29:13+00
c9c2040e-3698-50a6-b298-75df2025a996,637d71e2-55cf-575a-87f5-1bcee0d0072a,81c0642e-2463-5abd-ae26-b4b567d51419,166,115,2025-01-02 09:06:02+00
70b9b6f3-6dda-56ae-8ec0-0e8d1aa2519a,637d71e2-55cf-575a-87f5-1bcee0d0072a,8517ed2a-3738-5e12-a1bc-f0e872fd3d71,135,88,2025-01-02 09:00:39+00
f1077d26-e53f-5ed3-a6af-8f3d3832930d,43239255-9abf-522a-a0ca-d242c13539cf,22113422-0935-5ebd-b323-7908c0e6bfd5,63,40,2025-01-02 09:19:24+00
3334abcb-16b6-5484-8c7a-fd009093d730,43239255-9abf-522a-a0ca-d242c13539cf,8517ed2a-3738-5e12-a1bc-f0e872fd3d71,374,113,2025-01-02 09:03:20+00
fd49dc66-2471-5152-8191-5232c1e35b8e,43239255-9abf-522a-a0ca-d242c13539cf,81c0642e-2463-5abd-ae26-b4b567d51419,294,112,2025-01-02 09:18:42+00
83ec0fa5-056e-503f-b3aa-e40ad3547c74,6a379419-7f07-55f2-a7a1-c92bb24d1f27,6400998a-1542-5bd0-baca-290648d04849,94,53,2025-01-02 09:22:06+00
de039319-fd68-5f39-a05f-3fd9044dfd72,6a379419-7f07-55f2-a7a1-c92bb24d1f27,81c0642e-2463-5abd-ae26-b4b567d51419,87,58,2025-01-02 09:18:44+00
4905debd-429c-558d-aae2-8ff052d4448b,6a379419-7f07-55f2-a7a1-c92bb24d1f27,6d6d0a34-9f5e-59b5-8834-675b7c7c4f20,111,49,2025-01-02 09:03:29+00
3ecc93af-70aa-5e0f-9065-b1c938d22241,dbfbb0d5-1eb8-59dd-bad5-834d7a45a348,22113422-0935-5ebd-b323-7908c0e6bfd5,204,82,2025-01-02 09:05:38+00
8eb03d60-9f09-5b50-a8da-f79eebbaa209,dbfbb0d5-1eb8-59dd-bad5-834d7a45a348,81c0642e-2463-5abd-ae26-b4b567d51419,193,73,2025-01-02 09:05:12+00
a3ef4f30-88b0-52fc-9f49-1180989f7444,dbfbb0d5-1eb8-59dd-bad5-834d7a45a348,915b9517-c3e0-56bb-9f5b-959c6c507cc4,69,48,2025-01-02 09:10:28+00
9d77ecce-e654-5230-b6e6-faaed9475b99,76ce6f91-8d47-5bfd-a8a9-b086d8728beb,915b9517-c3e0-56bb-9f5b-959c6c507cc4,238,89,2025-01-02 09:26:44+00
fd0ac24b-7b69-50ad-aaaf-b409dca4de8f,76ce6f91-8d47-5bfd-a8a9-b086d8728beb,42ad692d-b82d-5a13-91a1-a9fd0fcaf73b,310,93,2025-01-02 09:26:15+00
ef50c27c-62f9-5832-ac99-703bdf6aeb00,4ccb08b0-f9e0-5e25-89e3-bea409b0d0cb,42ad692d-b82d-5a13-91a1-a9fd0fcaf73b,131,109,2025-01-02 09:13:06+00
e3bc21e3-db60-5eef-aeac-4540c90fcb3d,4ccb08b0-f9e0-5e25-89e3-bea409b0d0cb,6400998a-1542-5bd0-baca-290648d04849,393,101,2025-01-02 09:13:18+00
9f0bcc16-7aaf-5fa3-b3a3-e07f1a7b65a4,4ccb08b0-f9e0-5e25-89e3-bea409b0d0cb,22113422-0935-5ebd-b323-7908c0e6bfd5,347,113,2025-01-02 09:04:11+00
1698305b-d4b8-5cf7-9767-e68d4eb2d5dc,7698a25a-a051-53c9-ae74-597da202ffca,22113422-0935-5ebd-b323-7908c0e6bfd5,93,49,2025-01-02 09:08:51+00
1f8064d0-3020-579d-849c-d8d14c8dd15f,7698a25a-a051-53c9-ae74-597da202ffca,6400998a-1542-5bd0-baca-290648d04849,145,44,2025-01-02 09:05:26+00
8d3cddca-1f1e-5e2c-be8b-a552d8b37b65,721d117c-620d-5f92-b800-3e89864cc8d3,6d6d0a34-9f5e-59b5-8834-675b7c7c4f20,248,83,2025-01-02 09:26:36+00
caf9a543-f7ee-563e-b9e8-ec2ff64e81ec,721d117c-620d-5f92-b800-3e89864cc8d3,915b9517-c3e0-56bb-9f5b-959c6c507cc4,285,88,2025-01-02 09:26:10+00
05a9e4ed-8ec5-58f1-b509-08ab8642c89a,721d117c-620d-5f92-b800-3e89864cc8d3,a71f4bf4-a78e-5fa3-a8bd-e34ee2c97dcd,109,49,2025-01-02 09:18:19+00
18efbcff-c4e4-5214-beaa-67c25cdcef87,571424b7-2fc1-5ceb-8982-7426cc703fff,81c0642e-2463-5abd-ae26-b4b567d51419,462,118,2025-01-02 09:01:20+00
32665db4-49b6-5100-8e94-e09a988977e9,571424b7-2fc1-5ceb-8982-7426cc703fff,6d6d0a34-9f5e-59b5-8834-675b7c7c4f20,49,43,2025-01-02 09:20:39+00
a8c20d06-d955-52e9-a9e2-5eba06ea3027,9096801a-a6fd-5ca3-a667-34759b5adb9e,a71f4bf4-a78e-5fa3-a8bd-e34ee2c97dcd,142,46,2025-01-02 09:27:27+00
6fad1bf2-964c-5d3d-b8fa-f812adea0db6,9096801a-a6fd-5ca3-a667-34759b5adb9e,8517ed2a-3738-5e12-a1bc-f0e872fd3d71,181,66,2025-01-02 09:16:39+00
5e033244-29b6-5fb0-be7d-9ebbfbf1143b,1b8e1d0e-392d-5e23-854a-832f0d6ac35d,6d6d0a34-9f5e-59b5-8834-675b7c7c4f20,162,78,2025-01-02 09:00:03+00
84006791-6a36-51a2-9d6b-73624da2f601,1b8e1d0e-392d-5e23-854a-832f0d6ac35d,81c0642e-2463-5abd-ae26-b4b567d51419,113,46,2025-01-02 09:05:30+00
1279f1e1-3b3c-51cf-bb88-e3050e3d71d3,1b8e1d0e-392d-5e23-854a-832f0d6ac35d,22113422-0935-5ebd-b323-7908c0e6bfd5,339,110,2025-01-02 09:00:16+00
0ee0113a-8215-5462-99b1-a6c8fccf0f97,8110e190-2a4b-579b-be2c-511de85ab755,915b9517-c3e0-56bb-9f5b-959c6c507cc4,128,40,2025-01-02 09:20:45+00
f2a282f2-b99f-5438-b2a6-f0c363db4542,8110e190-2a4b-579b-be2c-511de85ab755,22113422-0935-5ebd-b323-7908c0e6bfd5,263,77,2025-01-02 09:26:00+00
5cb2ab96-00fd-598f-b881-6c78e831dd16,ab9d2edf-ae6c-55be-beec-404b29edda19,6400998a-1542-5bd0-baca-290648d04849,215,66,2025-01-02 09:28:44+00
5f6783f7-8c2c-5c70-aeab-0fe79b92b9cf,ab9d2edf-ae6c-55be-beec-404b29edda19,915b9517-c3e0-56bb-9f5b-959c6c507cc4,274,77,2025-01-02 09:15:58+00
0e396ec1-e26d-5478-b8e0-9050a5d15046,ab9d2edf-ae6c-55be-beec-404b29edda19,a71f4bf4-a78e-5fa3-a8bd-e34ee2c97dcd,173,100,2025-01-02 09:20:02+00
7492211f-a644-5feb-85a1-f127269b7d45,85ee2954-52d3-5ec2-8fea-0575175559ac,a71f4bf4-a78e-5fa3-a8bd-e34ee2c97dcd,154,73,2025-01-02 09:24:05+00
15b406da-f221-56af-ac74-7e79aa8bd374,85ee2954-52d3-5ec2-8fea-0575175559ac,6400998a-1542-5bd0-baca-290648d04849,194,109,2025-01-02 09:00:31+00
c9808a99-f8ab-5dcb-a68a-cbd8421faa6f,85ee2954-52d3-5ec2-8fea-0575175559ac,42ad692d-b82d-5a13-91a1-a9fd0fcaf73b,176,87,2025-01-02 09:20:43+00
615935e0-d854-54b9-bd69-17de6125a02a,f40bf37b-20d6-5349-82b6-18cbd1f10e83,22113422-0935-5ebd-b323-7908c0e6bfd5,229,73,2025-01-02 09:14:51+00
c6588aab-9437-58c4-995e-96752101fc3f,f40bf37b-20d6-5349-82b6-18cbd1f10e83,6400998a-1542-5bd0-baca-290648d04849,240,73,2025-01-02 09:23:00+00
4702be78-4636-513f-abbc-567474cc1e2b,f40bf37b-20d6-5349-82b6-18cbd1f10e83,915b9517-c3e0-56bb-9f5b-959c6c507cc4,103,74,2025-01-02 09:08:25+00
07ebc12a-b9b3-5fa2-8666-f9867649e070,263e995b-8be3-5198-adb6-aa81c41bf770,8517ed2a-3738-5e12-a1bc-f0e872fd3d71,155,84,2025-01-02 09:12:13+00
ccd6ee18-200f-5003-95de-e2927b1eb0fc,263e995b-8be3-5198-adb6-aa81c41bf770,915b9517-c3e0-56bb-9f5b-959c6c507cc4,210,92,2025-01-02 09:29:35+00
055499cf-0a29-54cd-8aa6-ddaf36e7ad8c,03daeeea-7468-535a-a03a-78f80e9f433f,915b9517-c3e0-56bb-9f5b-959c6c507cc4,300,89,2025-01-02 09:03:27+00
9644a1be-0bee-57d6-8add-bdd12c102cfc,03daeeea-7468-535a-a03a-78f80e9f433f,a71f4bf4-a78e-5fa3-a8bd-e34ee2c97dcd,336,93,2025-01-02 09:28:21+00
2ef89e50-b8f8-5593-9588-ae4308c6aecb,72067051-48fc-5737-a00c-93c490bd0b34,6400998a-1542-5bd0-baca-290648d04849,55,50,2025-01-02 09:28:21+00
df38fa71-7a12-503e-9258-f9e8d73e0f7d,72067051-48fc-5737-a00c-93c490bd0b34,42ad692d-b82d-5a13-91a1-a9fd0fcaf73b,87,44,2025-01-02 09:23:25+00
bfc36108-78e6-5910-9960-95ee3b24b2fe,72067051-48fc-5737-a00c-93c490bd0b34,22113422-0935-5ebd-b323-7908c0e6bfd5,296,106,2025-01-02 09:10:51+00
a7c740ec-5e08-55b9-8c6c-cbdb5ea3de2d,73148ed3-fbe9-5571-a16d-34fb5520390e,8517ed2a-3738-5e12-a1bc-f0e872fd3d71,121,97,2025-01-02 09:21:15+00
2e7c3f72-12b5-5d38-bd75-8e5c02020f6d,73148ed3-fbe9-5571-a16d-34fb5520390e,a71f4bf4-a78e-5fa3-a8bd-e34ee2c97dcd,202,61,2025-01-02 09:02:38+00
efe10057-9456-5db6-ac36-25aa62336c88,515f77ef-9c32-5e75-81c3-2b3795c000f2,22113422-0935-5ebd-b323-7908c0e6bfd5,191,94,2025-01-02 09:02:33+00
6523701e-fa48-556b-83d2-11b8370cc722,515f77ef-9c32-5e75-81c3-2b3795c000f2,915b9517-c3e0-56bb-9f5b-959c6c507cc4,296,95,2025-01-02 09:16:00+00
127e95ea-18e0-541b-b56f-d98f98692173,bcd21179-c89f-5095-808a-e72f06c0841d,6d6d0a34-9f5e-59b5-8834-675b7c7c4f20,164,48,2025-01-02 09:11:39+00
9126b5d0-9827-5bec-b35c-5363f27e4093,bcd21179-c89f-5095-808a-e72f06c0841d,22113422-0935-5ebd-b323-7908c0e6bfd5,297,111,2025-01-02 09:22:09+00
49858c58-0316-5aef-9562-223f66ae6277,df03a7e9-20ca-5987-a644-76566671155b,6d6d0a34-9f5e-59b5-8834-675b7c7c4f20,67,41,2025-01-02 09:07:16+00
575ce8d4-5342-5d35-853b-0c8385af16e0,df03a7e9-20ca-5987-a644-76566671155b,42ad692d-b82d-5a13-91a1-a9fd0fcaf73b,191,119,2025-01-02 09:08:02+00
2d24b124-52b0-59a9-993f-95ce5f3ff7b4,df03a7e9-20ca-5987-a644-76566671155b,6400998a-1542-5bd0-baca-290648d04849,236,93,2025-01-02 09:04:00+00
a68db3b6-99e5-5668-9cec-c2fd28e77373,49690aee-94fa-525b-b5ce-92feaf54b957,22113422-0935-5ebd-b323-7908c0e6bfd5,205,115,2025-01-02 09:15:00+00
1f6a2943-7ce5-5bde-aebd-72ee28064ac1,49690aee-94fa-525b-b5ce-92feaf54b957,6d6d0a34-9f5e-59b5-8834-675b7c7c4f20,157,52,2025-01-02 09:01:52+00
673980dc-035c-5f38-bc67-8d9a4825a576,ef9ef5f5-f4f4-5cf3-8420-397a6fcbf152,6d6d0a34-9f5e-59b5-8834-675b7c7c4f20,228,108,2025-01-02 09:04:37+00
bdedbdf6-d6fd-560f-b508-ba22eef5202d,ef9ef5f5-f4f4-5cf3-8420-397a6fcbf152,a71f4bf4-a78e-5fa3-a8bd-e34ee2c97dcd,295,92,2025-01-02 09:22:53+00
9b567c4d-7436-5ef1-96cf-128a7ff262ca,70b50d29-9125-53dc-a829-c961b011e429,42ad692d-b82d-5a13-91a1-a9fd0fcaf73b,113,75,2025-01-02 09:28:51+00
ae3a55fd-924b-5121-9755-22ecb5daaa38,70b50d29-9125-53dc-a829-c961b011e429,915b9517-c3e0-56bb-9f5b-959c6c507cc4,448,119,2025-01-02 09:11:57+00
3d193175-ce69-5871-8421-e03e0f543031,70b50d29-9125-53dc-a829-c961b011e429,8517ed2a-3738-5e12-a1bc-f0e872fd3d71,286,91,2025-01-02 09:06:57+00
0d4f0d76-7a1b-5343-a5c4-ba86b77264c9,cf40a232-f9b9-5adf-afb6-0a981f2ffcf7,6400998a-1542-5bd0-baca-290648d04849,195,100,2025-01-02 09:08:09+00
e40a8f0d-e66c-5983-bef2-a59dac2c6b66,cf40a232-f9b9-5adf-afb6-0a981f2ffcf7,915b9517-c3e0-56bb-9f5b-959c6c507cc4,278,87,2025-01-02 09:17:01+00
bc72b8d8-9ada-5e30-9902-33fed4fca8a9,cf40a232-f9b9-5adf-afb6-0a981f2ffcf7,81c0642e-2463-5abd-ae26-b4b567d51419,226,78,2025-01-02 09:20:25+00
9b215d92-d4ef-5e70-b41b-76d2dcbcab1a,047edcf5-114c-5342-b495-232fc4aaf6fe,8517ed2a-3738-5e12-a1bc-f0e872fd3d71,166,57,2025-01-02 09:16:10+00
fd607218-81a7-558b-9656-c6710840706a,047edcf5-114c-5342-b495-232fc4aaf6fe,a71f4bf4-a78e-5fa3-a8bd-e34ee2c97dcd,346,96,2025-01-02 09:00:03+00
7b506e51-a667-5159-be17-0427802d8f00,047edcf5-114c-5342-b495-232fc4aaf6fe,42ad692d-b82d-5a13-91a1-a9fd0fcaf73b,230,81,2025-01-02 09:18:08+00
ba2ca89d-6166-578d-be6e-f726f9f66c02,093be7d5-f016-5f2c-b71d-4dce4b0e9514,8517ed2a-3738-5e12-a1bc-f0e872fd3d71,94,67,2025-01-02 09:13:17+00
b4b4fe55-1f49-5396-91ee-d0d81137165c,093be7d5-f016-5f2c-b71d-4dce4b0e9514,42ad692d-b82d-5a13-91a1-a9fd0fcaf73b,181,92,2025-01-02 09:01:45+00
48fe6d0e-3bc8-5d62-8f43-7cc8af0d7e56,093be7d5-f016-5f2c-b71d-4dce4b0e9514,6400998a-1542-5bd0-baca-290648d04849,173,106,2025-01-02 09:10:31+00
afe552f6-2f87-5fd1-a87b-f7657a5a3fb3,cf629a09-093e-5b99-8bf4-da2438fa51c4,22113422-0935-5ebd-b323-7908c0e6bfd5,255,79,2025-01-02 09:22:05+00
2b10e8de-5958-5de9-9270-c45efe316e88,cf629a09-093e-5b99-8bf4-da2438fa51c4,915b9517-c3e0-56bb-9f5b-959c6c507cc4,300,91,2025-01-02 09:08:02+00
9db5e6eb-8b5c-576a-b4e8-f21ca7ec6e66,5bfb3415-c6ae-5fa3-a84b-8a98a543ab9a,22113422-0935-5ebd-b323-7908c0e6bfd5,100,65,2025-01-02 09:15:57+00
e49e05b4-6ae3-5bc0-b139-c946ac68c11b,5bfb3415-c6ae-5fa3-a84b-8a98a543ab9a,8517ed2a-3738-5e12-a1bc-f0e872fd3d71,261,71,2025-01-02 09:26:03+00
aad4c4bf-975f-556b-bea5-7719bf28cdad,c388846e-4e3c-5d57-b61f-ed13c7edc4da,81c0642e-2463-5abd-ae26-b4b567d51419,157,65,2025-01-02 09:16:20+00
485ab0ba-799d-5a11-9202-800db1d27a03,c388846e-4e3c-5d57-b61f-ed13c7edc4da,42ad692d-b82d-5a13-91a1-a9fd0fcaf73b,258,99,2025-01-02 09:11:47+00
0699c452-ad2d-5841-832b-ab84aa0301f4,6feb3ffe-e89f-55ab-81d5-d9b136a73c27,915b9517-c3e0-56bb-9f5b-959c6c507cc4,168,87,2025-01-02 09:18:47+00
7f681ae5-7fa5-58b3-8903-744d89a2cb52,6feb3ffe-e89f-55ab-81d5-d9b136a73c27,8517ed2a-3738-5e12-a1bc-f0e872fd3d71,208,97,2025-01-02 09:15:43+00
f875cba3-0993-5fe0-99c5-a0b4eae426ed,e7c66ad7-b5d3-5271-9438-d4741c6f9cbc,81c0642e-2463-5abd-ae26-b4b567d51419,97,73,2025-01-02 09:06:08+00
85f9ef9a-ea5c-5b1c-bcc7-bfdd553cbd4b,e7c66ad7-b5d3-5271-9438-d4741c6f9cbc,22113422-0935-5ebd-b323-7908c0e6bfd5,135,51,2025-01-02 09:26:14+00
724dcde2-aadf-531b-bc47-b555978450e8,e7c66ad7-b5d3-5271-9438-d4741c6f9cbc,8517ed2a-3738-5e12-a1bc-f0e872fd3d71,200,89,2025-01-02 09:12:33+00
7dcec2c4-b63b-5cf8-8ae6-9b868122ce37,5e41eef3-c306-5dd1-ab8c-d305ebc7c2d5,6400998a-1542-5bd0-baca-290648d04849,201,68,2025-01-02 09:06:46+00
aa1bf8df-4903-5d85-ad6e-dfb2323d8c1f,5e41eef3-c306-5dd1-ab8c-d305ebc7c2d5,81c0642e-2463-5abd-ae26-b4b567d51419,197,74,2025-01-02 09:15:56+00
f391a52e-e024-51c6-915a-8ddeb6c4e97b,4bb3265f-5fd8-5ee9-b01b-7ca5808bca6b,915b9517-c3e0-56bb-9f5b-959c6c507cc4,204,56,2025-01-02 09:02:56+00
3f19aa27-d709-5c92-9256-a33153fddc81,4bb3265f-5fd8-5ee9-b01b-7ca5808bca6b,6400998a-1542-5bd0-baca-290648d04849,178,116,2025-01-02 09:16:48+00
2720f67e-077a-53a8-8e61-53282f91435e,ae16db22-a7d1-5cd3-8409-669d957eb80d,6d6d0a34-9f5e-59b5-8834-675b7c7c4f20,148,79,2025-01-02 09:04:43+00
d776ad70-7530-5881-9909-475f53adbf97,ae16db22-a7d1-5cd3-8409-669d957eb80d,42ad692d-b82d-5a13-91a1-a9fd0fcaf73b,208,75,2025-01-02 09:01:12+00
fdda895f-e98f-577b-8824-6aeb10c89082,950c0334-92d4-54ec-b05b-35e20983883c,81c0642e-2463-5abd-ae26-b4b567d51419,113,67,2025-01-02 09:23:22+00
731a6d46-49f2-5502-be16-063e88582064,950c0334-92d4-54ec-b05b-35e20983883c,6400998a-1542-5bd0-baca-290648d04849,129,106,2025-01-02 09:03:55+00
09472d36-eebd-50a9-9dcf-840fb2031293,950c0334-92d4-54ec-b05b-35e20983883c,22113422-0935-5ebd-b323-7908c0e6bfd5,275,90,2025-01-02 09:11:02+00
30c188e7-0dae-51ca-8e4b-7f7289c0b246,59115f56-acf8-50f7-9dfd-c99816aa2172,81c0642e-2463-5abd-ae26-b4b567d51419,407,116,2025-01-02 09:07:51+00
40459da6-d5ae-5535-9a8b-811fc128a00e,59115f56-acf8-50f7-9dfd-c99816aa2172,6d6d0a34-9f5e-59b5-8834-675b7c7c4f20,254,78,2025-01-02 09:08:11+00
9473f245-8d6d-5e44-b767-2d07f56ab862,605027f9-8c6a-5d9a-80f7-9d3d42930f12,8517ed2a-3738-5e12-a1bc-f0e872fd3d71,249,81,2025-01-02 09:07:45+00
5862901b-f175-5230-8b75-a8cf0f213575,605027f9-8c6a-5d9a-80f7-9d3d42930f12,22113422-0935-5ebd-b323-7908c0e6bfd5,163,73,2025-01-02 09:00:50+00
ac5f66f8-39da-56de-8a1a-0177ff4109c6,605027f9-8c6a-5d9a-80f7-9d3d42930f12,a71f4bf4-a78e-5fa3-a8bd-e34ee2c97dcd,120,78,2025-01-02 09:00:15+00
3842c07d-ab72-5592-b743-2432e1b7ad10,a68ed02d-80a0-5ebb-a79e-1ef7c4187de5,915b9517-c3e0-56bb-9f5b-959c6c507cc4,385,116,2025-01-02 09:06:48+00
f652105e-3640-5292-8b40-90a864722185,a68ed02d-80a0-5ebb-a79e-1ef7c4187de5,a71f4bf4-a78e-5fa3-a8bd-e34ee2c97dcd,126,80,2025-01-02 09:29:39+00
eec61300-ea77-574d-a25d-0d6ae28453d5,a32d3b40-78a1-5f18-8b90-4dd8cd4ea27b,42ad692d-b82d-5a13-91a1-a9fd0fcaf73b,213,73,2025-01-02 09:06:21+00
c197c9f7-d3b7-5009-9eb2-86877229f604,a32d3b40-78a1-5f18-8b90-4dd8cd4ea27b,22113422-0935-5ebd-b323-7908c0e6bfd5,261,91,2025-01-02 09:11:29+00
3b16052f-c57a-599b-983d-823b74394d4d,eb65b5fa-c2cb-589b-9049-2b6c7bf4d22d,6400998a-1542-5bd0-baca-290648d04849,118,68,2025-01-02 09:13:03+00
87aca722-9223-55e1-852e-4d998ccda057,eb65b5fa-c2cb-589b-9049-2b6c7bf4d22d,22113422-0935-5ebd-b323-7908c0e6bfd5,372,100,2025-01-02 09:19:38+00
fca7507e-2d3e-58b8-b6a2-526b12582ee4,474da520-6891-5d9b-ad56-dbc5e963bb3f,6d6d0a34-9f5e-59b5-8834-675b7c7c4f20,168,111,2025-01-02 09:27:34+00
992ef6f2-2c56-5373-91ee-f58efde01035,474da520-6891-5d9b-ad56-dbc5e963bb3f,a71f4bf4-a78e-5fa3-a8bd-e34ee2c97dcd,102,52,2025-01-02 09:14:11+00
bffa4d55-39e1-560e-bd09-d39fef7a3d93,474da520-6891-5d9b-ad56-dbc5e963bb3f,8517ed2a-3738-5e12-a1bc-f0e872fd3d71,193,73,2025-01-02 09:09:16+00
3a514741-2ab3-5104-821d-567a364aca2e,2c21421b-d3c2-55c3-8144-0c1f6b3e4f6a,81c0642e-2463-5abd-ae26-b4b567d51419,88,51,2025-01-02 09:15:11+00
7a51cf5a-f90a-59e3-bead-94d2e6650269,2c21421b-d3c2-55c3-8144-0c1f6b3e4f6a,42ad692d-b82d-5a13-91a1-a9fd0fcaf73b,214,68,2025-01-02 09:26:03+00
