id,product_id,component_id,quantity_required,created_at,deactivated_at
062b5785-f1b4-588b-a152-b4ef685ff823,c0f44500-e1d1-59e0-b53b-e0e98b24a7cf,c9260a33-ee36-5419-bd15-44645e4537fa,1,2024-01-01 08:00:00+00,2024-02-12 08:00:00+00
5d87b4cc-5693-548c-b943-e862ffe7d5f6,c0f44500-e1d1-59e0-b53b-e0e98b24a7cf,6d3f1c0f-d69c-51f5-b684-2ac89e6fdc36,2,2024-01-01 08:00:00+00,
775082a9-eed4-51c9-9bfd-bf4803ab541b,c0f44500-e1d1-59e0-b53b-e0e98b24a7cf,5067bfc7-2dfe-5325-9e13-798d0c5f5c4a,6,2024-01-01 08:00:00+00,
44ee552b-4e49-5324-b160-53d7379e8a13,c0f44500-e1d1-59e0-b53b-e0e98b24a7cf,f5ae66ef-8569-56eb-bb38-60aab9f96efd,3,2024-01-01 08:00:00+00,
c4933405-2544-5010-8185-9b1ea2dcbf24,c0f44500-e1d1-59e0-b53b-e0e98b24a7cf,90f42439-0fba-597a-afe6-ef4640191ead,3,2024-01-01 08:00:00+00,
01b14e1e-b522-5cc6-8649-715619cb5dad,c0f44500-e1d1-59e0-b53b-e0e98b24a7cf,6eb93316-084b-5ed9-a0ef-367840740026,4,2024-01-01 08:00:00+00,
a1bac291-0cb3-54f1-83f9-4c8d6381725b,c0f44500-e1d1-59e0-b53b-e0e98b24a7cf,8b1d6434-6666-5080-b73d-a8bbb00a26ba,5,2024-01-01 08:00:00+00,
e933b870-08e1-5f66-b925-5fa6d621bb14,dfaf50bf-7ed8-5e30-b115-e55c44d8e0c1,8b1d6434-6666-5080-b73d-a8bbb00a26ba,3,2024-01-01 08:00:00+00,
ecd0a3b6-0f37-553b-baa7-f8a541cd28a2,dfaf50bf-7ed8-5e30-b115-e55c44d8e0c1,f5ae66ef-8569-56eb-bb38-60aab9f96efd,4,2024-01-01 08:00:00+00,
91020225-a698-5783-b19c-7dc2700154db,dfaf50bf-7ed8-5e30-b115-e55c44d8e0c1,15c3f174-6442-595a-91d0-c0f371b5b06d,1,2024-01-01 08:00:00+00,
7fdf3be9-bb70-59b5-b8b9-0ce436a1fe04,5abd18e8-de32-5af1-b593-d3190e9164a5,a38ba2d8-5c31-5918-bd0a-74f48052fbd3,5,2024-01-01 08:00:00+00,
c17f0283-288e-57e4-bf4e-2dd10ffeab7d,5abd18e8-de32-5af1-b593-d3190e9164a5,b7a1b9fd-8f56-560d-9305-deed54687d22,4,2024-01-01 08:00:00+00,
e85bc5e9-823b-5b7e-ab51-68f78094cad6,5abd18e8-de32-5af1-b593-d3190e9164a5,6d3f1c0f-d69c-51f5-b684-2ac89e6fdc36,5,2024-01-01 08:00:00+00,
42b8f58c-065b-5152-92e9-9cfad6e468ef,5abd18e8-de32-5af1-b593-d3190e9164a5,0f3c6612-46ad-5185-905c-4f0339676ecd,1,2024-01-01 08:00:00+00,
2bce75a0-1ce8-554d-8ed5-f4525b96f944,5abd18e8-de32-5af1-b593-d3190e9164a5,fd6fc20e-3144-5a91-877d-70bf83af349b,3,2024-01-01 08:00:00+00,
37d0bbcb-4930-56a3-b2dc-bddea50fac6a,5abd18e8-de32-5af1-b593-d3190e9164a5,ebe701cb-80a9-5b55-aa82-022702612ec3,3,2024-01-01 08:00:00+00,
4cafbc38-8a5a-5568-8d69-8452d3287f01,5abd18e8-de32-5af1-b593-d3190e9164a5,6406d6e9-a15f-5f31-8f14-f4daeee272e1,6,2024-01-01 08:00:00+00,
cee3b0f8-8f34-5dc5-93c0-3d391cc6879d,98f9ed1d-3d10-5a68-a387-66981e9dde59,ecb483f2-6519-5e6b-be8a-4d02683a104d,2,2024-01-01 08:00:00+00,
1fed684d-e973-594a-91e8-b3d05979551e,98f9ed1d-3d10-5a68-a387-66981e9dde59,6d3f1c0f-d69c-51f5-b684-2ac89e6fdc36,6,2024-01-01 08:00:00+00,
07380873-394b-5353-85e7-f9c18f179d95,98f9ed1d-3d10-5a68-a387-66981e9dde59,962ad054-9388-5aa5-bcea-576ad3f02439,4,2024-01-01 08:00:00+00,
73b7ab59-85da-5367-9355-b99f2bec5f40,98f9ed1d-3d10-5a68-a387-66981e9dde59,ae82bfa3-cf92-547b-bf19-0ebeb7020c94,1,2024-01-01 08:00:00+00,
ee39f025-5fae-56e5-9fe9-71f298442906,98f9ed1d-3d10-5a68-a387-66981e9dde59,ed6c730f-ac6b-55db-9d9c-869ffcb107f7,6,2024-01-01 08:00:00+00,
39aab69c-f254-5c12-b665-4a4d26a5c3bc,98f9ed1d-3d10-5a68-a387-66981e9dde59,ebe701cb-80a9-5b55-aa82-022702612ec3,3,2024-01-01 08:00:00+00,
70bf6146-faaf-5b76-b491-c56b70c7baf8,b8b98483-157a-5ddb-81bf-f65f95613caa,5c0784a2-fa9b-56f6-9015-bac9a63bbfa6,3,2024-01-01 08:00:00+00,
76e6d97a-4fcd-50e4-b83e-c5b921acefd9,b8b98483-157a-5ddb-81bf-f65f95613caa,904e3f0f-6bf5-50ec-bc53-c6f243ee202b,5,2024-01-01 08:00:00+00,
19b63ae5-be22-5805-9312-5db644e1e454,b8b98483-157a-5ddb-81bf-f65f95613caa,03dcf6f4-6283-5b72-b0e5-34c6b46da88e,2,2024-01-01 08:00:00+00,
7486fde2-63ff-59d1-ad1c-1384a584bc5f,b8b98483-157a-5ddb-81bf-f65f95613caa,bbb2343b-1e9a-523e-a593-f3d470c92355,1,2024-01-01 08:00:00+00,
d72cd1bf-0974-5b27-9b14-940e9b5cd597,b8b98483-157a-5ddb-81bf-f65f95613caa,a9f4aeea-27bc-5047-a35e-44f023b8f2ad,2,2024-01-01 08:00:00+00,
4046dbd5-ea0c-52f3-a2f4-d99bd619fa0b,b8b98483-157a-5ddb-81bf-f65f95613caa,9fe6bfae-25b1-5a97-8b62-27ad4c0075ac,2,2024-01-01 08:00:00+00,
f3691ac2-f47c-5288-8dad-6b34c772e5d3,b8b98483-157a-5ddb-81bf-f65f95613caa,e153701c-f7d3-5121-a787-525e3365b0b7,2,2024-01-01 08:00:00+00,
d3ff244e-3544-55a4-ac71-529ef3146a94,b8b98483-157a-5ddb-81bf-f65f95613caa,f9b7e5f0-9c76-5945-8b12-589d7a38a811,4,2024-01-01 08:00:00+00,
ca316b61-bb01-5ef7-af1a-95bee7aa74d5,ebdcc5e9-63c3-5a52-9521-f031c6154feb,e153701c-f7d3-5121-a787-525e3365b0b7,5,2024-01-01 08:00:00+00,
1581eaf3-20b7-5b60-a56c-02d93abf94a2,ebdcc5e9-63c3-5a52-9521-f031c6154feb,0f3c6612-46ad-5185-905c-4f0339676ecd,2,2024-01-01 08:00:00+00,
d5fe9605-a733-55a5-95c7-b89ddfc7b5c7,ebdcc5e9-63c3-5a52-9521-f031c6154feb,121c169f-01de-5e4c-943b-ae59e23625f6,5,2024-01-01 08:00:00+00,
7acc2d4d-51d0-513f-863b-caaf27082478,6e22d3ea-9fc0-56fa-a367-352e633df40c,904e3f0f-6bf5-50ec-bc53-c6f243ee202b,4,2024-01-01 08:00:00+00,
9595794b-4984-52da-b9d1-085c9ba42673,6e22d3ea-9fc0-56fa-a367-352e633df40c,fa1a34bc-0201-5273-a101-8870061eb4b8,5,2024-01-01 08:00:00+00,
53601256-3d19-5d89-9a0c-c573f49eeb7e,6e22d3ea-9fc0-56fa-a367-352e633df40c,1bc7f331-4eed-54cb-9a7a-3f6818fa8114,4,2024-01-01 08:00:00+00,
8870155d-40b4-56eb-a041-5dc7ec545300,0f7722fa-332a-5a19-922d-1d9cab8dda65,d0d99009-91d4-5307-a15b-de554997b527,3,2024-01-01 08:00:00+00,
71fdbbd1-360a-54a6-b624-bbc0339aeb20,0f7722fa-332a-5a19-922d-1d9cab8dda65,7a9aa784-d8c9-556f-8ea4-346de491c6a6,2,2024-01-01 08:00:00+00,
520dbd69-f8c7-5932-b24d-ad9c16b20f58,0f7722fa-332a-5a19-922d-1d9cab8dda65,7a37d648-2016-5f13-b961-8572a4ad6771,5,2024-01-01 08:00:00+00,
d57cf964-43ff-521a-a82a-dc969724051a,0f7722fa-332a-5a19-922d-1d9cab8dda65,f5ae66ef-8569-56eb-bb38-60aab9f96efd,6,2024-01-01 08:00:00+00,
d80176b5-4270-5da2-8c8a-68506e156ae4,0f7722fa-332a-5a19-922d-1d9cab8dda65,ae82bfa3-cf92-547b-bf19-0ebeb7020c94,5,2024-01-01 08:00:00+00,
0047d1dd-fc87-5f4b-ab5d-dd9d7e68f710,0f7722fa-332a-5a19-922d-1d9cab8dda65,f2958f3b-fe26-53f2-b201-0adfe2c62b12,2,2024-01-01 08:00:00+00,
49a985b5-fcc0-5588-8b3e-68a3deb829ec,e3a10959-a74e-5cdd-bd80-3c24836fb062,438a1080-11e3-5946-aab7-86b27bae7d6c,2,2024-01-01 08:00:00+00,
36887841-cba7-5217-ae92-59a7a8dc09b1,e3a10959-a74e-5cdd-bd80-3c24836fb062,bac6a3da-3f34-5c0a-97e2-066b4baa6142,3,2024-01-01 08:00:00+00,
7858d0e5-d992-52b9-973a-71ff077668bb,e3a10959-a74e-5cdd-bd80-3c24836fb062,6d3f1c0f-d69c-51f5-b684-2ac89e6fdc36,2,2024-01-01 08:00:00+00,
b595abaf-5533-5e6e-87cd-635e71580713,e3a10959-a74e-5cdd-bd80-3c24836fb062,7ac2c67c-1849-5b0b-976e-1f066f4b3295,2,2024-01-01 08:00:00+00,
a4f76207-b7c4-5d88-81cd-37329b79a002,6852d7e8-9827-5aa7-a439-140e7dac645a,b7a1b9fd-8f56-560d-9305-deed54687d22,1,2024-01-01 08:00:00+00,
3f12eda6-e92c-5d74-a6ec-8b1d69132752,6852d7e8-9827-5aa7-a439-140e7dac645a,e3815321-aff7-51ab-9bc1-98ad14387ea1,3,2024-01-01 08:00:00+00,
af1120f9-b24a-58cc-96c5-16d21fbbe37c,6852d7e8-9827-5aa7-a439-140e7dac645a,a7e0d126-17ff-5f20-b25c-59512ca53250,2,2024-01-01 08:00:00+00,2024-03-18 08:00:00+00
bef296d7-fa3e-5c2c-8f22-d2fa5d36945a,6852d7e8-9827-5aa7-a439-140e7dac645a,15c3f174-6442-595a-91d0-c0f371b5b06d,6,2024-01-01 08:00:00+00,
7ec4c076-42ee-5e25-877f-733b6a1757c3,6852d7e8-9827-5aa7-a439-140e7dac645a,56b5c2a2-0246-5954-9142-5257c05df293,5,2024-01-01 08:00:00+00,
dd92a325-5ecb-56ad-8bb8-ea0b318cbc1e,5b72fcba-23c2-5ea7-9dc2-b32eca367733,d63ecd00-e0e1-5064-a272-6b3fd118897a,2,2024-01-01 08:00:00+00,
0f1c8f42-513d-5a3c-8567-1cd092686a2b,5b72fcba-23c2-5ea7-9dc2-b32eca367733,6d3f1c0f-d69c-51f5-b684-2ac89e6fdc36,2,2024-01-01 08:00:00+00,
08f4f8e0-844c-59e7-b19a-ee01c16022c1,5b72fcba-23c2-5ea7-9dc2-b32eca367733,5c68f9b3-a5ec-5657-abd5-cae3915d55d5,6,2024-01-01 08:00:00+00,
3a99d618-b3bc-59b1-82cf-081718a383c1,5b72fcba-23c2-5ea7-9dc2-b32eca367733,6f17cd00-2084-593f-a286-505a2937c15e,5,2024-01-01 08:00:00+00,
18ad5414-d7f5-5d58-a93b-aeee619e1851,5b72fcba-23c2-5ea7-9dc2-b32eca367733,e153701c-f7d3-5121-a787-525e3365b0b7,6,2024-01-01 08:00:00+00,
eac7bc66-8e36-5793-9a01-4596cdd72235,c914dcac-18fe-5928-87c0-80e93bb776c2,44922936-9f41-592b-a33d-7ecf7ff76434,3,2024-01-01 08:00:00+00,
c96a66f2-9f6c-53e4-ae64-494bac97104d,c914dcac-18fe-5928-87c0-80e93bb776c2,4a6afed2-d2e4-5198-a436-1387f97fe5c2,6,2024-01-01 08:00:00+00,
b0a7caaf-0a83-51ba-9ee7-52ca4ce1cc54,c914dcac-18fe-5928-87c0-80e93bb776c2,6d3f1c0f-d69c-51f5-b684-2ac89e6fdc36,2,2024-01-01 08:00:00+00,
69168dde-99f6-5ee6-b65a-df354fd65671,c914dcac-18fe-5928-87c0-80e93bb776c2,13d72d8b-87e4-5116-bd6a-435bfcf5b14c,5,2024-01-01 08:00:00+00,
f9586355-91c8-5037-9453-95532e752b6c,c914dcac-18fe-5928-87c0-80e93bb776c2,15c3f174-6442-595a-91d0-c0f371b5b06d,4,2024-01-01 08:00:00+00,
d52f6b56-0474-5d9a-9c69-a14878a5eb09,c914dcac-18fe-5928-87c0-80e93bb776c2,ab23331f-5fd5-5058-aa24-a1eaec9d64c7,5,2024-01-01 08:00:00+00,
be1b1b03-eedc-5c91-8383-bde5d92604ac,c914dcac-18fe-5928-87c0-80e93bb776c2,a8c2f860-132d-58a6-93d2-a936166d31a5,6,2024-01-01 08:00:00+00,
047381b9-8499-5399-b447-d6d120a94557,d6481438-ce10-5e85-8b0a-fbc48dcd19e7,e1b348cb-2535-56b1-a0e9-2a91a1affa92,3,2024-01-01 08:00:00+00,
26295c3c-7f6e-5e11-bee7-362fa2d4c0f4,d6481438-ce10-5e85-8b0a-fbc48dcd19e7,b7a1b9fd-8f56-560d-9305-deed54687d22,4,2024-01-01 08:00:00+00,
10a3ef93-f96c-5a55-9274-81ea4e5580a8,d6481438-ce10-5e85-8b0a-fbc48dcd19e7,b01364fb-0351-54ca-8427-cedddeec33de,2,2024-01-01 08:00:00+00,
f4a584f2-727e-58a7-937b-93eea19f15c2,015ee94d-a0dc-5a3a-96b4-4318093cd0c8,d0d99009-91d4-5307-a15b-de554997b527,3,2024-01-01 08:00:00+00,
cd577d65-7646-51d5-975b-1c422c2b3e96,015ee94d-a0dc-5a3a-96b4-4318093cd0c8,6d3f1c0f-d69c-51f5-b684-2ac89e6fdc36,4,2024-01-01 08:00:00+00,
60898797-d69d-539c-976d-9b40c917399f,015ee94d-a0dc-5a3a-96b4-4318093cd0c8,4a6afed2-d2e4-5198-a436-1387f97fe5c2,2,2024-01-01 08:00:00+00,
b752fe05-b61b-5045-beb4-4704af8968b8,015ee94d-a0dc-5a3a-96b4-4318093cd0c8,c6e149a7-a831-5010-a418-46de00cf7f21,3,2024-01-01 08:00:00+00,
1c7cb0c8-9134-5184-85c9-64e50ce0b9bf,015ee94d-a0dc-5a3a-96b4-4318093cd0c8,121c169f-01de-5e4c-943b-ae59e23625f6,5,2024-01-01 08:00:00+00,
6bc9f1cd-13b7-5413-ad6a-184b3ee176cc,015ee94d-a0dc-5a3a-96b4-4318093cd0c8,5ce89cb6-5da8-5ef6-9c05-725470bfd4dc,5,2024-01-01 08:00:00+00,
41198c27-e839-51af-af51-6968c7b3d7c8,015ee94d-a0dc-5a3a-96b4-4318093cd0c8,438a1080-11e3-5946-aab7-86b27bae7d6c,1,2024-01-01 08:00:00+00,
1ff4df49-3841-516c-a995-1f720f31395e,015ee94d-a0dc-5a3a-96b4-4318093cd0c8,ab23331f-5fd5-5058-aa24-a1eaec9d64c7,3,2024-01-01 08:00:00+00,
2981d081-1a00-5a30-8a9b-6fceeaa1394b,a4acb526-e0ea-590e-9293-ff9e90059c15,6d3f1c0f-d69c-51f5-b684-2ac89e6fdc36,3,2024-01-01 08:00:00+00,
716f3bc2-be09-5147-b07e-749698b8e900,a4acb526-e0ea-590e-9293-ff9e90059c15,8178f903-f188-55a9-a15c-22c0a3770d3c,4,2024-01-01 08:00:00+00,
755f279f-dd7c-5def-a0d0-21c5810fcf6b,a4acb526-e0ea-590e-9293-ff9e90059c15,121c169f-01de-5e4c-943b-ae59e23625f6,5,2024-01-01 08:00:00+00,
3f7742ff-fdd6-5bee-858c-fd9131177f41,a4acb526-e0ea-590e-9293-ff9e90059c15,47ef1976-a8ff-5e77-a43f-d0edf871044d,4,2024-01-01 08:00:00+00,
a7582557-1065-5f5f-b6bd-c7609acb8d92,3ba63656-6a91-5254-8fd9-1b6d20dced02,6f590127-e86d-5c76-9a22-114f8a045970,6,2024-01-01 08:00:00+00,
ddc09a21-0ef2-5dc0-b7c2-46e0b8a4dfa0,3ba63656-6a91-5254-8fd9-1b6d20dced02,446cca11-1c51-5289-9423-c9eb1ea4a694,3,2024-01-01 08:00:00+00,
3f4a040d-bbc8-5d16-9614-d82e4f025aa1,3ba63656-6a91-5254-8fd9-1b6d20dced02,56b5c2a2-0246-5954-9142-5257c05df293,2,2024-01-01 08:00:00+00,
fb41a526-df85-5694-b79c-f988d14767bb,3ba63656-6a91-5254-8fd9-1b6d20dced02,0bc0c8be-ea3d-5a09-9ee5-b78a839648da,2,2024-01-01 08:00:00+00,
3af8abbf-b8de-5066-87a5-0996ccb9171c,3f7c929e-b070-5624-afcb-413255a3e8b7,6d3f1c0f-d69c-51f5-b684-2ac89e6fdc36,4,2024-01-01 08:00:00+00,
ed74f9de-3d03-5070-848f-a4353a6c4c0f,3f7c929e-b070-5624-afcb-413255a3e8b7,b01364fb-0351-54ca-8427-cedddeec33de,2,2024-01-01 08:00:00+00,
40847627-5786-5c16-8966-735b2d2cd705,3f7c929e-b070-5624-afcb-413255a3e8b7,121c169f-01de-5e4c-943b-ae59e23625f6,2,2024-01-01 08:00:00+00,
66be0c55-f116-5de7-be0a-5fc943f6aaa3,3f7c929e-b070-5624-afcb-413255a3e8b7,6a472152-1fa7-58a4-87d0-95f0479e6f1a,5,2024-01-01 08:00:00+00,
74d59573-b342-5a1d-818a-8e6c5e1d38cf,3f7c929e-b070-5624-afcb-413255a3e8b7,1bc7f331-4eed-54cb-9a7a-3f6818fa8114,3,2024-01-01 08:00:00+00,
794d4a3f-03bf-559c-bf5b-511434cf629f,3f7c929e-b070-5624-afcb-413255a3e8b7,88ff97c3-2d1f-57a1-89c8-52f00a2ec467,1,2024-01-01 08:00:00+00,
b3dc3edc-2484-5fb0-87cb-1651121df0c9,fc7fc417-cce4-5f70-a6f1-8ce7a0edf5e9,e153701c-f7d3-5121-a787-525e3365b0b7,6,2024-01-01 08:00:00+00,
8ae61ea7-1f69-5227-b3ff-c18f161afdee,fc7fc417-cce4-5f70-a6f1-8ce7a0edf5e9,b7a1b9fd-8f56-560d-9305-deed54687d22,4,2024-01-01 08:00:00+00,
4b3c675a-73fb-568b-95d5-1e8854d69ead,fc7fc417-cce4-5f70-a6f1-8ce7a0edf5e9,065d0614-e372-51d2-8cd7-206a38630104,3,2024-01-01 08:00:00+00,
a0466f78-21d2-5f57-aed2-b427b23b6ea4,87bd34d0-75d8-568d-abd0-77f535fdb719,27874591-8ec3-5838-ba41-64ec34f0da79,5,2024-01-01 08:00:00+00,2024-04-09 08:00:00+00
6c871939-83c1-5183-a35d-d507818682be,87bd34d0-75d8-568d-abd0-77f535fdb719,6d3f1c0f-d69c-51f5-b684-2ac89e6fdc36,2,2024-01-01 08:00:00+00,
1b8f2442-bdf5-59d7-bd25-2b1060571dfe,87bd34d0-75d8-568d-abd0-77f535fdb719,4c2cb39f-b7ff-510d-b2e6-7dc1287bb1c6,3,2024-01-01 08:00:00+00,
70dade16-0397-5ed5-9ea4-888bfb86e144,87bd34d0-75d8-568d-abd0-77f535fdb719,e5d9f678-96be-5acd-b791-b8507ec168f7,5,2024-01-01 08:00:00+00,
054f2a2e-780b-55e0-bba1-d1bf8d479b4d,87bd34d0-75d8-568d-abd0-77f535fdb719,0f3c6612-46ad-5185-905c-4f0339676ecd,3,2024-01-01 08:00:00+00,
9f7b1051-a29c-57fb-9936-d6c249e2ca20,87bd34d0-75d8-568d-abd0-77f535fdb719,ef7e6fd5-91d3-5f5c-9cb6-1c21ef7b5edd,1,2024-01-01 08:00:00+00,
d891ac9b-b17e-5e80-9ce5-5bd2adb81b97,87bd34d0-75d8-568d-abd0-77f535fdb719,d8c28f14-7fe8-5a0f-a6a0-51c4b01eb58f,4,2024-01-01 08:00:00+00,
204d383d-d656-5d73-94a4-6b59c9221ea4,12d2e257-18af-5ea5-9b8e-109e869b4b9e,d0d99009-91d4-5307-a15b-de554997b527,3,2024-01-01 08:00:00+00,
5901a0c2-5493-535d-a6e6-1922a6fb320d,12d2e257-18af-5ea5-9b8e-109e869b4b9e,ecb483f2-6519-5e6b-be8a-4d02683a104d,5,2024-01-01 08:00:00+00,
445f8019-91eb-5ed2-b4bb-1031dfd069a7,12d2e257-18af-5ea5-9b8e-109e869b4b9e,6d3f1c0f-d69c-51f5-b684-2ac89e6fdc36,3,2024-01-01 08:00:00+00,
7ca55b08-4681-54db-8e44-614526e21204,12d2e257-18af-5ea5-9b8e-109e869b4b9e,7a9aa784-d8c9-556f-8ea4-346de491c6a6,2,2024-01-01 08:00:00+00,
fd27a49a-f265-5c2d-91a5-c38d7a80523c,12d2e257-18af-5ea5-9b8e-109e869b4b9e,aa8ce59c-84c0-55df-8132-94fd1826995c,2,2024-01-01 08:00:00+00,
c7b06cff-ce58-5c47-8670-9298b7c6a4df,12d2e257-18af-5ea5-9b8e-109e869b4b9e,e153701c-f7d3-5121-a787-525e3365b0b7,5,2024-01-01 08:00:00+00,
9428b4f2-4cf5-5b04-963f-dfcab3ac16b1,12d2e257-18af-5ea5-9b8e-109e869b4b9e,7e223ce1-fad8-50d3-9d36-022f168a3a2d,5,2024-01-01 08:00:00+00,
66a87660-555d-592b-959a-a3c2600eb629,7139ebf2-1aff-593d-9366-22949a04fd61,d0d99009-91d4-5307-a15b-de554997b527,5,2024-01-01 08:00:00+00,
615a99d0-7385-5b02-a339-fbc4f9502202,7139ebf2-1aff-593d-9366-22949a04fd61,ae52aee9-67d2-56f8-b039-27630c8e2f1b,5,2024-01-01 08:00:00+00,
d3889f82-cae7-5a39-9f2e-befa2a261ace,7139ebf2-1aff-593d-9366-22949a04fd61,6d3f1c0f-d69c-51f5-b684-2ac89e6fdc36,2,2024-01-01 08:00:00+00,
b6b4b33b-2e12-5f13-924e-7b1d0c55be23,7139ebf2-1aff-593d-9366-22949a04fd61,4c2cb39f-b7ff-510d-b2e6-7dc1287bb1c6,3,2024-01-01 08:00:00+00,
7d81b9db-9a4f-520c-8afb-8ad5099f66ef,7139ebf2-1aff-593d-9366-22949a04fd61,b01364fb-0351-54ca-8427-cedddeec33de,5,2024-01-01 08:00:00+00,
cc058fe0-8b93-5852-b390-b7aed7e809aa,7139ebf2-1aff-593d-9366-22949a04fd61,121c169f-01de-5e4c-943b-ae59e23625f6,3,2024-01-01 08:00:00+00,
07e60a79-5f1a-5e88-abdb-8fcfded4f21b,48b59f70-e096-547d-97be-0afd9e0ef1f4,1eda526d-f8d5-53f1-8688-d029d54e0288,5,2024-01-01 08:00:00+00,
0538936a-a623-5fc5-bd77-455596b6f97e,48b59f70-e096-547d-97be-0afd9e0ef1f4,065d0614-e372-51d2-8cd7-206a38630104,5,2024-01-01 08:00:00+00,
0e0fc3b1-8030-5310-9ff3-7c40fbcefe88,48b59f70-e096-547d-97be-0afd9e0ef1f4,e153701c-f7d3-5121-a787-525e3365b0b7,5,2024-01-01 08:00:00+00,
95b22a8a-1469-5238-b3b7-93b9a91fca5b,48b59f70-e096-547d-97be-0afd9e0ef1f4,7e223ce1-fad8-50d3-9d36-022f168a3a2d,4,2024-01-01 08:00:00+00,
88a9c13b-0f0e-5f40-9330-a5f461f0a7bb,c7c80e8e-2456-5c4b-97cb-5d6b8aea9e11,ae52aee9-67d2-56f8-b039-27630c8e2f1b,6,2024-01-01 08:00:00+00,
97b27a09-e092-55dd-b0f7-8762c7f300ce,c7c80e8e-2456-5c4b-97cb-5d6b8aea9e11,5847a71e-dc07-5859-8972-bb633d99872f,6,2024-01-01 08:00:00+00,
f30811b3-a22b-59bb-b8be-414f29895d57,c7c80e8e-2456-5c4b-97cb-5d6b8aea9e11,6d3f1c0f-d69c-51f5-b684-2ac89e6fdc36,1,2024-01-01 08:00:00+00,
2e9636b6-cd7f-5f17-9f65-81b227e4dc9e,c7c80e8e-2456-5c4b-97cb-5d6b8aea9e11,438a1080-11e3-5946-aab7-86b27bae7d6c,5,2024-01-01 08:00:00+00,
94a41be0-cc54-5a8c-8f98-f12464130db7,c7c80e8e-2456-5c4b-97cb-5d6b8aea9e11,121c169f-01de-5e4c-943b-ae59e23625f6,4,2024-01-01 08:00:00+00,
c43cf51b-ad6c-5d39-b1e1-2d3723815e90,c7c80e8e-2456-5c4b-97cb-5d6b8aea9e11,5c68f9b3-a5ec-5657-abd5-cae3915d55d5,3,2024-01-01 08:00:00+00,
a7cccd7c-4c99-5acc-a7ad-9c19abe19fd2,c7c80e8e-2456-5c4b-97cb-5d6b8aea9e11,d8c8a789-9042-5c99-9a95-316f1c64ef0d,6,2024-01-01 08:00:00+00,
8dd38dec-26fb-5aa8-ac38-63c9054e8071,c7c80e8e-2456-5c4b-97cb-5d6b8aea9e11,e153701c-f7d3-5121-a787-525e3365b0b7,5,2024-01-01 08:00:00+00,
696702f6-cc7d-5f51-9ad6-7e0a261907ec,8243c793-3801-5a72-86e5-9ab29d8d498d,25b53cef-c869-5558-b1c7-d2527df0a4f6,6,2024-01-01 08:00:00+00,
b5b1888e-e788-5f76-9596-faea1da5fe3e,8243c793-3801-5a72-86e5-9ab29d8d498d,5a1f9dc3-578d-547c-a4d5-421bff7d10a2,2,2024-01-01 08:00:00+00,
e1721e0e-d750-58a3-81c5-54366bca7ad7,8243c793-3801-5a72-86e5-9ab29d8d498d,121c169f-01de-5e4c-943b-ae59e23625f6,1,2024-01-01 08:00:00+00,
ddd5de36-f220-5d40-9010-725452d55c0e,8243c793-3801-5a72-86e5-9ab29d8d498d,6f5dfad4-9bbe-590b-8672-7b40047a8328,5,2024-01-01 08:00:00+00,
b3de3713-4b2b-5c98-b1b8-22e3f3257c37,8243c793-3801-5a72-86e5-9ab29d8d498d,ef7e6fd5-91d3-5f5c-9cb6-1c21ef7b5edd,6,2024-01-01 08:00:00+00,
289885ed-6070-520f-b1ca-48ba65acb86b,8243c793-3801-5a72-86e5-9ab29d8d498d,e153701c-f7d3-5121-a787-525e3365b0b7,1,2024-01-01 08:00:00+00,
2fd48323-cf70-5f0e-8e23-e33a3005bf06,8243c793-3801-5a72-86e5-9ab29d8d498d,a06abdd5-e761-55ca-b0e9-7b8f84dcde8f,2,2024-01-01 08:00:00+00,
568070f2-4180-54be-9aba-89d4c45c461e,5e2cc5fc-7d5b-5bba-ad99-4412ab325860,438a1080-11e3-5946-aab7-86b27bae7d6c,5,2024-01-01 08:00:00+00,
49794a39-96b5-5625-b4ff-7f8cd9ea82a4,5e2cc5fc-7d5b-5bba-ad99-4412ab325860,ebe701cb-80a9-5b55-aa82-022702612ec3,5,2024-01-01 08:00:00+00,
3da16775-c519-5a6d-b572-0176c5bf6cef,5e2cc5fc-7d5b-5bba-ad99-4412ab325860,883ad4fc-378e-5153-b850-63984233f0f2,4,2024-01-01 08:00:00+00,
27bc7f02-43d8-5689-9489-22f2f3806b8b,ce143825-d54b-50ec-92fe-c61fdb5ae610,e3815321-aff7-51ab-9bc1-98ad14387ea1,4,2024-01-01 08:00:00+00,
e905ce04-5e04-59af-b310-9fe465ddeaf7,ce143825-d54b-50ec-92fe-c61fdb5ae610,121c169f-01de-5e4c-943b-ae59e23625f6,5,2024-01-01 08:00:00+00,
ee071cae-4f78-50df-9f06-e14f539b269b,ce143825-d54b-50ec-92fe-c61fdb5ae610,aa8ce59c-84c0-55df-8132-94fd1826995c,3,2024-01-01 08:00:00+00,
2498da1b-7074-5c1e-8d05-946faa600cdf,ce143825-d54b-50ec-92fe-c61fdb5ae610,d2d07f87-fc1b-5325-aa14-11a8ba2d7d4c,5,2024-01-01 08:00:00+00,
032d21c8-9a22-5d74-8e64-a806cbd6c4f9,ce143825-d54b-50ec-92fe-c61fdb5ae610,9766e4b6-4e6d-5c5b-98d6-5682f17b397e,3,2024-01-01 08:00:00+00,
4396ac5e-1924-5083-8ca6-3a5a35c00668,ce143825-d54b-50ec-92fe-c61fdb5ae610,e153701c-f7d3-5121-a787-525e3365b0b7,6,2024-01-01 08:00:00+00,
6f8601c5-9f1f-5938-bdc9-0624f7a0c90d,ce143825-d54b-50ec-92fe-c61fdb5ae610,ed6c730f-ac6b-55db-9d9c-869ffcb107f7,6,2024-01-01 08:00:00+00,
12c339ea-d3fb-52e6-9366-78404ccccc47,ce143825-d54b-50ec-92fe-c61fdb5ae610,88f55d36-065b-5d3c-b63e-017908daf8da,6,2024-01-01 08:00:00+00,
5e492e2e-e0b6-5eba-b2f5-a8f21255caaa,22326882-02d4-5cec-806a-1e1016a55411,b7a1b9fd-8f56-560d-9305-deed54687d22,6,2024-01-01 08:00:00+00,
343141a7-7b4d-5ae8-af2b-6217d72805ca,22326882-02d4-5cec-806a-1e1016a55411,d63ecd00-e0e1-5064-a272-6b3fd118897a,2,2024-01-01 08:00:00+00,
ec9ad6cc-27f3-5d19-959e-76c34d5ce55f,22326882-02d4-5cec-806a-1e1016a55411,88f55d36-065b-5d3c-b63e-017908daf8da,6,2024-01-01 08:00:00+00,
3ee8e14d-9bf9-50f0-be11-97ad8a8d680f,22326882-02d4-5cec-806a-1e1016a55411,121c169f-01de-5e4c-943b-ae59e23625f6,6,2024-01-01 08:00:00+00,
60df7cc5-c6b7-513c-8420-61195c71d9c8,22326882-02d4-5cec-806a-1e1016a55411,2264814a-975b-52c8-a510-4ac3f21eee07,4,2024-01-01 08:00:00+00,
38c21486-e586-5630-9ae4-5e51d6629dca,22326882-02d4-5cec-806a-1e1016a55411,90f42439-0fba-597a-afe6-ef4640191ead,3,2024-01-01 08:00:00+00,
f6d8f6ab-e0fc-5267-be83-59972770fe89,22326882-02d4-5cec-806a-1e1016a55411,13d72d8b-87e4-5116-bd6a-435bfcf5b14c,4,2024-01-01 08:00:00+00,
7be4ef6e-74b9-589e-99c8-f6036a045938,22326882-02d4-5cec-806a-1e1016a55411,d8c28f14-7fe8-5a0f-a6a0-51c4b01eb58f,3,2024-01-01 08:00:00+00,
06006a15-bc3e-5523-b6ea-9d8dac159c03,5f832cdc-1407-55fc-8fd5-76ca28247722,b7a1b9fd-8f56-560d-9305-deed54687d22,3,2024-01-01 08:00:00+00,
17e18817-2f7f-5615-9125-a367abcf3ad0,5f832cdc-1407-55fc-8fd5-76ca28247722,83a85d79-d2be-5e9b-8b46-3f0455ecc668,2,2024-01-01 08:00:00+00,
28496996-cda7-570a-9e44-8218caf7f62d,5f832cdc-1407-55fc-8fd5-76ca28247722,6d3f1c0f-d69c-51f5-b684-2ac89e6fdc36,3,2024-01-01 08:00:00+00,2024-05-21 08:00:00+00
86b20431-d0f4-5cac-81cc-35e499289318,5f832cdc-1407-55fc-8fd5-76ca28247722,2264814a-975b-52c8-a510-4ac3f21eee07,1,2024-01-01 08:00:00+00,
372364c3-a8e7-56b5-8012-045d4bbac75d,5f832cdc-1407-55fc-8fd5-76ca28247722,56b5c2a2-0246-5954-9142-5257c05df293,3,2024-01-01 08:00:00+00,
c55cd13f-0c86-57a5-a420-c9fafe7d6224,5f832cdc-1407-55fc-8fd5-76ca28247722,a06abdd5-e761-55ca-b0e9-7b8f84dcde8f,6,2024-01-01 08:00:00+00,
0e895fa6-1851-5c8d-9c70-0de2d1bf4f7e,5f832cdc-1407-55fc-8fd5-76ca28247722,295ce3c8-2480-560f-a45f-79f181f67c19,1,2024-01-01 08:00:00+00,
51137bd2-ca70-5865-b091-22333218c5fe,f3d43083-cf37-52fb-bc02-bff47203b7c9,7a9aa784-d8c9-556f-8ea4-346de491c6a6,3,2024-01-01 08:00:00+00,
b9865e7c-c7fb-57e2-929f-9f61edf458c2,f3d43083-cf37-52fb-bc02-bff47203b7c9,5c2ae8ec-bc64-53f2-a8f4-e8e5cb6e22bc,5,2024-01-01 08:00:00+00,
9483c772-d2af-5679-aa36-449b08d0be8a,f3d43083-cf37-52fb-bc02-bff47203b7c9,f9adac6e-23a3-50e4-a675-dd3f8127127a,6,2024-01-01 08:00:00+00,
e6e7119f-886c-50f0-af32-21fc3d9cf73c,f3d43083-cf37-52fb-bc02-bff47203b7c9,a8c2f860-132d-58a6-93d2-a936166d31a5,3,2024-01-01 08:00:00+00,
4c2c0598-436a-59fb-93e6-dbc450664be4,f3d43083-cf37-52fb-bc02-bff47203b7c9,ebe701cb-80a9-5b55-aa82-022702612ec3,2,2024-01-01 08:00:00+00,
904247be-5c1a-58f8-bd01-396bc968bca4,d02cf696-fbfe-56b7-8ff3-89608483ee25,e153701c-f7d3-5121-a787-525e3365b0b7,6,2024-01-01 08:00:00+00,
3254d938-b4c6-5bb2-89f6-9b7b76040985,d02cf696-fbfe-56b7-8ff3-89608483ee25,ecb483f2-6519-5e6b-be8a-4d02683a104d,5,2024-01-01 08:00:00+00,
32f68cfc-42e1-5905-a33e-898cafa97de0,d02cf696-fbfe-56b7-8ff3-89608483ee25,311c8e47-a137-5edc-b3a5-775736da7c66,2,2024-01-01 08:00:00+00,
ef25b946-9a2c-5455-a31e-c2ce609feabe,8191a9f6-2263-53f2-a6a6-4c31e81e996e,83cb73dc-c941-5322-8b25-75ca0f769861,4,2024-01-01 08:00:00+00,
a1f66220-ad13-55ed-8740-c44c3df4a4cf,8191a9f6-2263-53f2-a6a6-4c31e81e996e,da6df8e6-4108-52a6-aa47-372ca39561ad,4,2024-01-01 08:00:00+00,
03876083-5636-572f-b0b8-724c2b01c2a5,8191a9f6-2263-53f2-a6a6-4c31e81e996e,6d3f1c0f-d69c-51f5-b684-2ac89e6fdc36,6,2024-01-01 08:00:00+00,
fe3b37ef-54d7-58d4-b9cc-92fe2cb90ed8,8191a9f6-2263-53f2-a6a6-4c31e81e996e,6f590127-e86d-5c76-9a22-114f8a045970,2,2024-01-01 08:00:00+00,
8aa5201e-0541-5e02-a207-fd5259d286e2,8191a9f6-2263-53f2-a6a6-4c31e81e996e,121c169f-01de-5e4c-943b-ae59e23625f6,3,2024-01-01 08:00:00+00,
9901138d-42f8-5205-81f2-dc8917938432,8191a9f6-2263-53f2-a6a6-4c31e81e996e,38024807-14ea-59ee-84eb-1ad9d783cee4,3,2024-01-01 08:00:00+00,
f230181d-bc47-5d1e-b916-36c0c605a614,8191a9f6-2263-53f2-a6a6-4c31e81e996e,5ce89cb6-5da8-5ef6-9c05-725470bfd4dc,3,2024-01-01 08:00:00+00,
a53741ce-d4d8-5fbb-8dbf-901bf8ab99cd,8191a9f6-2263-53f2-a6a6-4c31e81e996e,5c2ae8ec-bc64-53f2-a8f4-e8e5cb6e22bc,6,2024-01-01 08:00:00+00,
4cd77eca-60fb-55f9-b726-9b525af68d42,9b88c78b-34e7-51c0-8f51-940e61379648,6d3f1c0f-d69c-51f5-b684-2ac89e6fdc36,5,2024-01-01 08:00:00+00,
554fafed-52e3-5aa5-b61f-3725d1f133aa,9b88c78b-34e7-51c0-8f51-940e61379648,e153701c-f7d3-5121-a787-525e3365b0b7,6,2024-01-01 08:00:00+00,
79997587-5418-5d5e-b72e-0cee4c99e5f7,9b88c78b-34e7-51c0-8f51-940e61379648,d024c262-2b32-558b-bb6c-4185da7b9a65,6,2024-01-01 08:00:00+00,
8d507c7a-9653-59df-933c-f4f50885c3bc,d6e9c7be-33cb-5851-ab77-08e587828108,6d3f1c0f-d69c-51f5-b684-2ac89e6fdc36,2,2024-01-01 08:00:00+00,
f0b181bd-5ec0-5190-99f8-31f914bfef06,d6e9c7be-33cb-5851-ab77-08e587828108,de4bff2c-b866-52bd-9b50-36b2ca585e85,1,2024-01-01 08:00:00+00,
072d42d4-7fe6-5ae4-aab9-d753798d9958,d6e9c7be-33cb-5851-ab77-08e587828108,376920f3-a563-5472-a6e5-8fa6d0a6e50d,4,2024-01-01 08:00:00+00,
9c8ac01d-e94d-5992-90fb-703a1ecc015d,f3c9e6db-5001-5325-b688-27d1d3fc04c1,c9260a33-ee36-5419-bd15-44645e4537fa,3,2024-01-01 08:00:00+00,
1dfa6619-64f5-5ac4-a7fd-d389d3eb35da,f3c9e6db-5001-5325-b688-27d1d3fc04c1,b7a1b9fd-8f56-560d-9305-deed54687d22,3,2024-01-01 08:00:00+00,
15cc791d-1dc0-5246-aae6-ebcfa5bbef31,f3c9e6db-5001-5325-b688-27d1d3fc04c1,89c41106-f973-5e21-9a01-51a725995561,4,2024-01-01 08:00:00+00,
82c48783-61de-50c9-82dd-46fb82346c87,f3c9e6db-5001-5325-b688-27d1d3fc04c1,27038bf3-fbc8-5df7-909d-7f15223a98d1,6,2024-01-01 08:00:00+00,
f4969de8-555d-5d0f-9e88-2c0251b60e2f,f3c9e6db-5001-5325-b688-27d1d3fc04c1,f9adac6e-23a3-50e4-a675-dd3f8127127a,5,2024-01-01 08:00:00+00,
c94d8128-c54c-5d59-9374-f4cf3782828d,f3c9e6db-5001-5325-b688-27d1d3fc04c1,ebe701cb-80a9-5b55-aa82-022702612ec3,5,2024-01-01 08:00:00+00,
af55fb94-ff6a-5a28-9dc8-2b67b64cd4f7,63b368d3-a702-5229-a0eb-00c0e02acf2c,b7a1b9fd-8f56-560d-9305-deed54687d22,6,2024-01-01 08:00:00+00,
b4ab6acd-f798-5ea4-abe8-a6e2ba3fdbdc,63b368d3-a702-5229-a0eb-00c0e02acf2c,446cca11-1c51-5289-9423-c9eb1ea4a694,4,2024-01-01 08:00:00+00,
69055aea-6ba1-5364-9c44-c455f00b3c94,63b368d3-a702-5229-a0eb-00c0e02acf2c,6d3f1c0f-d69c-51f5-b684-2ac89e6fdc36,6,2024-01-01 08:00:00+00,
db6560c1-7b44-5a8a-b5e9-4d198bfd01d0,63b368d3-a702-5229-a0eb-00c0e02acf2c,5ce89cb6-5da8-5ef6-9c05-725470bfd4dc,3,2024-01-01 08:00:00+00,
75c6c776-aebe-5695-a95d-7510a3625b69,63b368d3-a702-5229-a0eb-00c0e02acf2c,9fe6bfae-25b1-5a97-8b62-27ad4c0075ac,6,2024-01-01 08:00:00+00,
82fdee47-cfc4-5ad7-a497-8239e7780331,63b368d3-a702-5229-a0eb-00c0e02acf2c,6f17cd00-2084-593f-a286-505a2937c15e,2,2024-01-01 08:00:00+00,
c287582c-0d74-5697-8866-c05706568bb9,a32a21a2-1fde-52e6-a745-494a810ef82b,e153701c-f7d3-5121-a787-525e3365b0b7,2,2024-01-01 08:00:00+00,
971bc927-15b2-51cc-9d44-04514c8c4b12,a32a21a2-1fde-52e6-a745-494a810ef82b,f936794d-0198-5937-b6a0-c95214e62055,2,2024-01-01 08:00:00+00,
88f7538f-1f99-5bb4-9408-a689c42a2ea0,a32a21a2-1fde-52e6-a745-494a810ef82b,9e9d93b8-42e5-5b67-bfee-48fd5ffd3570,5,2024-01-01 08:00:00+00,
31429140-7f76-5c93-8e0a-4dd1632a6f72,637d71e2-55cf-575a-87f5-1bcee0d0072a,6d3f1c0f-d69c-51f5-b684-2ac89e6fdc36,3,2024-01-01 08:00:00+00,
a05ab46a-7bd6-5488-93d0-f9cac9b4170e,637d71e2-55cf-575a-87f5-1bcee0d0072a,7a9aa784-d8c9-556f-8ea4-346de491c6a6,4,2024-01-01 08:00:00+00,
0e698692-d903-57ea-9582-14be18e816a5,637d71e2-55cf-575a-87f5-1bcee0d0072a,e3815321-aff7-51ab-9bc1-98ad14387ea1,2,2024-01-01 08:00:00+00,
3f607bae-637a-56f5-b489-00abb09d8e0f,637d71e2-55cf-575a-87f5-1bcee0d0072a,054b298d-db01-5820-b554-30f66aa35c3d,4,2024-01-01 08:00:00+00,
014ef797-45cc-591d-b522-7ecdbc64c5c8,637d71e2-55cf-575a-87f5-1bcee0d0072a,47ef1976-a8ff-5e77-a43f-d0edf871044d,3,2024-01-01 08:00:00+00,
6452ca49-8ea7-587c-87cd-42755aed7235,637d71e2-55cf-575a-87f5-1bcee0d0072a,d8c8a789-9042-5c99-9a95-316f1c64ef0d,3,2024-01-01 08:00:00+00,
a7451bd0-cb4e-559e-aa53-348a2408fba0,637d71e2-55cf-575a-87f5-1bcee0d0072a,5ce89cb6-5da8-5ef6-9c05-725470bfd4dc,3,2024-01-01 08:00:00+00,
d74506e6-651f-5f27-8b53-0d8d8673a244,637d71e2-55cf-575a-87f5-1bcee0d0072a,ebe701cb-80a9-5b55-aa82-022702612ec3,5,2024-01-01 08:00:00+00,
ddb4337b-21ae-5ce2-a6af-6cd3d9405141,43239255-9abf-522a-a0ca-d242c13539cf,6d3f1c0f-d69c-51f5-b684-2ac89e6fdc36,6,2024-01-01 08:00:00+00,
317daa34-f2c0-5384-82f7-8dd889f1e124,43239255-9abf-522a-a0ca-d242c13539cf,ca91e692-60f8-597e-8c60-c2a9fa25df5b,3,2024-01-01 08:00:00+00,
7b260fa8-713f-54c0-a780-869204d57047,43239255-9abf-522a-a0ca-d242c13539cf,35d95f36-fd38-533b-a8f6-9f088567b0e8,6,2024-01-01 08:00:00+00,
3c7f80ea-781f-521a-815c-487f75982654,43239255-9abf-522a-a0ca-d242c13539cf,121c169f-01de-5e4c-943b-ae59e23625f6,1,2024-01-01 08:00:00+00,
84b6b335-77cd-5ae4-a513-a606fafda769,43239255-9abf-522a-a0ca-d242c13539cf,0f3c6612-46ad-5185-905c-4f0339676ecd,6,2024-01-01 08:00:00+00,
b86ff0eb-4eb0-52b9-a134-d7533c9b8f87,43239255-9abf-522a-a0ca-d242c13539cf,e153701c-f7d3-5121-a787-525e3365b0b7,3,2024-01-01 08:00:00+00,
75e3d89d-8166-58c4-b146-a862cba981bd,43239255-9abf-522a-a0ca-d242c13539cf,e50a6af1-b138-5282-8dc6-9b2279dbf6e0,3,2024-01-01 08:00:00+00,
5a9b55d3-5de3-5724-a8a6-93cf368ec14b,43239255-9abf-522a-a0ca-d242c13539cf,d8c28f14-7fe8-5a0f-a6a0-51c4b01eb58f,5,2024-01-01 08:00:00+00,
ae0dff0a-8e27-5eeb-bfb7-26f6142c8cf9,6a379419-7f07-55f2-a7a1-c92bb24d1f27,6d3f1c0f-d69c-51f5-b684-2ac89e6fdc36,4,2024-01-01 08:00:00+00,
7d298471-48fa-5b8e-a37d-18ad953d0762,6a379419-7f07-55f2-a7a1-c92bb24d1f27,f9adac6e-23a3-50e4-a675-dd3f8127127a,6,2024-01-01 08:00:00+00,
247862cb-ca82-57a6-ad94-551b38b70d24,6a379419-7f07-55f2-a7a1-c92bb24d1f27,ebe701cb-80a9-5b55-aa82-022702612ec3,5,2024-01-01 08:00:00+00,
69700575-fd0e-5dc3-b34f-ed58e35b04fb,6a379419-7f07-55f2-a7a1-c92bb24d1f27,8b1d6434-6666-5080-b73d-a8bbb00a26ba,4,2024-01-01 08:00:00+00,
52643a70-2574-5e67-968a-62f3af50d7d3,dbfbb0d5-1eb8-59dd-bad5-834d7a45a348,f72640e7-a2ef-50e4-b610-ab2ed6eca6a6,5,2024-01-01 08:00:00+00,
ee3e7203-d277-5a51-b4a2-1d512e1f5f44,dbfbb0d5-1eb8-59dd-bad5-834d7a45a348,7a9aa784-d8c9-556f-8ea4-346de491c6a6,1,2024-01-01 08:00:00+00,
933baf69-a4a6-5c63-beb5-678bba8befb9,dbfbb0d5-1eb8-59dd-bad5-834d7a45a348,38024807-14ea-59ee-84eb-1ad9d783cee4,1,2024-01-01 08:00:00+00,
a104f088-06a1-5df6-8cb8-2f9fade2fcfd,dbfbb0d5-1eb8-59dd-bad5-834d7a45a348,0f3c6612-46ad-5185-905c-4f0339676ecd,5,2024-01-01 08:00:00+00,
70f52483-21a9-558b-bc79-b0ade5f5b7a8,dbfbb0d5-1eb8-59dd-bad5-834d7a45a348,90f42439-0fba-597a-afe6-ef4640191ead,5,2024-01-01 08:00:00+00,
7b3f637c-5044-567f-8002-764d933cde2f,dbfbb0d5-1eb8-59dd-bad5-834d7a45a348,6eb93316-084b-5ed9-a0ef-367840740026,2,2024-01-01 08:00:00+00,
3a251f6a-791a-58ac-a1cc-43c262845e83,dbfbb0d5-1eb8-59dd-bad5-834d7a45a348,e153701c-f7d3-5121-a787-525e3365b0b7,5,2024-01-01 08:00:00+00,
003024c5-38b5-5d9c-9b33-396934250b5f,76ce6f91-8d47-5bfd-a8a9-b086d8728beb,446cca11-1c51-5289-9423-c9eb1ea4a694,4,2024-01-01 08:00:00+00,
dd9abf7b-ced5-55dd-a0a7-f25196f3be49,76ce6f91-8d47-5bfd-a8a9-b086d8728beb,6d3f1c0f-d69c-51f5-b684-2ac89e6fdc36,2,2024-01-01 08:00:00+00,
52567843-ae2c-54a8-97de-426923e84306,76ce6f91-8d47-5bfd-a8a9-b086d8728beb,e3815321-aff7-51ab-9bc1-98ad14387ea1,5,2024-01-01 08:00:00+00,
461def35-90bd-591e-b36f-6ca803041d00,76ce6f91-8d47-5bfd-a8a9-b086d8728beb,5ce89cb6-5da8-5ef6-9c05-725470bfd4dc,4,2024-01-01 08:00:00+00,
bd6e06cd-6083-5ba7-8f68-f046113cff49,76ce6f91-8d47-5bfd-a8a9-b086d8728beb,e153701c-f7d3-5121-a787-525e3365b0b7,4,2024-01-01 08:00:00+00,
1ad77a4a-60c0-5ca3-8a45-0f38ef24f8a5,76ce6f91-8d47-5bfd-a8a9-b086d8728beb,572aa35f-5efb-58d1-bd68-789051dd2450,5,2024-01-01 08:00:00+00,
dc21f452-88cc-587c-8fe0-08ef805ce2b5,76ce6f91-8d47-5bfd-a8a9-b086d8728beb,ebe701cb-80a9-5b55-aa82-022702612ec3,1,2024-01-01 08:00:00+00,
c4207bbb-2dbe-5e1e-b5a4-5ac741373098,4ccb08b0-f9e0-5e25-89e3-bea409b0d0cb,446cca11-1c51-5289-9423-c9eb1ea4a694,1,2024-01-01 08:00:00+00,
28f49db2-62f1-53e5-bbcc-61e3317af368,4ccb08b0-f9e0-5e25-89e3-bea409b0d0cb,fc55eda9-7ec0-5cd5-ba34-6124d25e1925,4,2024-01-01 08:00:00+00,
be70b54a-83a3-595e-82ae-46166fe63751,4ccb08b0-f9e0-5e25-89e3-bea409b0d0cb,121c169f-01de-5e4c-943b-ae59e23625f6,3,2024-01-01 08:00:00+00,
010b1298-c85c-5277-8df1-96634902ab49,4ccb08b0-f9e0-5e25-89e3-bea409b0d0cb,1f748f02-3573-5213-a17e-3882ad9d6f68,6,2024-01-01 08:00:00+00,
434712de-804b-5de6-8ec8-991a89e95fcc,4ccb08b0-f9e0-5e25-89e3-bea409b0d0cb,1bc7f331-4eed-54cb-9a7a-3f6818fa8114,1,2024-01-01 08:00:00+00,
c63478fc-49ce-5653-84d2-1a7a250d0b38,4ccb08b0-f9e0-5e25-89e3-bea409b0d0cb,e153701c-f7d3-5121-a787-525e3365b0b7,5,2024-01-01 08:00:00+00,
3dea071c-ca64-586a-9351-7a63eae31f4b,4ccb08b0-f9e0-5e25-89e3-bea409b0d0cb,f9adac6e-23a3-50e4-a675-dd3f8127127a,1,2024-01-01 08:00:00+00,
2d415ffd-e623-5a9d-b43f-e965175ad83c,7698a25a-a051-53c9-ae74-597da202ffca,b7a1b9fd-8f56-560d-9305-deed54687d22,2,2024-01-01 08:00:00+00,
7196d457-2e88-5eff-ba0f-90725e83b954,7698a25a-a051-53c9-ae74-597da202ffca,121c169f-01de-5e4c-943b-ae59e23625f6,2,2024-01-01 08:00:00+00,
56732d7e-4da3-58c7-9db4-e7f0e88b10c5,7698a25a-a051-53c9-ae74-597da202ffca,0358354a-abdc-5d26-b0a5-344d512cbf09,6,2024-01-01 08:00:00+00,
c5a727b8-4f87-556a-b65f-07426536259e,721d117c-620d-5f92-b800-3e89864cc8d3,d31399f9-d6cb-5103-a86d-554c8c75eb3f,6,2024-01-01 08:00:00+00,
48bd6338-ff05-516a-808a-b2a4249a11e3,721d117c-620d-5f92-b800-3e89864cc8d3,7a37d648-2016-5f13-b961-8572a4ad6771,5,2024-01-01 08:00:00+00,
0404545d-3c1b-54e8-91a8-2847e295d837,721d117c-620d-5f92-b800-3e89864cc8d3,27038bf3-fbc8-5df7-909d-7f15223a98d1,2,2024-01-01 08:00:00+00,
964e189e-2d32-5b5d-b84c-d2d6914524f5,721d117c-620d-5f92-b800-3e89864cc8d3,38024807-14ea-59ee-84eb-1ad9d783cee4,6,2024-01-01 08:00:00+00,
7ce2b86c-aaa9-594b-9f89-0a55a62bf92c,721d117c-620d-5f92-b800-3e89864cc8d3,aa8ce59c-84c0-55df-8132-94fd1826995c,3,2024-01-01 08:00:00+00,
97654bc5-82b8-5744-9a8d-116627cfa834,721d117c-620d-5f92-b800-3e89864cc8d3,438a1080-11e3-5946-aab7-86b27bae7d6c,1,2024-01-01 08:00:00+00,
34b2f2a4-5bd9-549a-8028-92af6efc6303,721d117c-620d-5f92-b800-3e89864cc8d3,9680dcf7-75b4-5bc1-a51a-41760ec5b5da,2,2024-01-01 08:00:00+00,
476f8cae-450e-5e18-83f9-6a10f0439801,721d117c-620d-5f92-b800-3e89864cc8d3,d024c262-2b32-558b-bb6c-4185da7b9a65,5,2024-01-01 08:00:00+00,
6cc9f603-5814-50d4-9474-fb669a93fdd7,571424b7-2fc1-5ceb-8982-7426cc703fff,0451c18c-ea5f-5ee1-b525-643afbd123d5,6,2024-01-01 08:00:00+00,
494d67d6-be0c-5047-863d-5a2a9219f894,571424b7-2fc1-5ceb-8982-7426cc703fff,b7a1b9fd-8f56-560d-9305-deed54687d22,6,2024-01-01 08:00:00+00,
9fcce3f7-9f3f-5aaf-a01c-65c16493861b,571424b7-2fc1-5ceb-8982-7426cc703fff,e5d9f678-96be-5acd-b791-b8507ec168f7,5,2024-01-01 08:00:00+00,
0e31bee4-3061-5b24-a938-06df69a5f82a,571424b7-2fc1-5ceb-8982-7426cc703fff,d2d07f87-fc1b-5325-aa14-11a8ba2d7d4c,4,2024-01-01 08:00:00+00,
df95d59b-3b1d-5642-9af0-0bb21b1625d6,571424b7-2fc1-5ceb-8982-7426cc703fff,e153701c-f7d3-5121-a787-525e3365b0b7,5,2024-01-01 08:00:00+00,
54fdacc2-d39f-5646-891f-80e9f08e6600,571424b7-2fc1-5ceb-8982-7426cc703fff,ebe701cb-80a9-5b55-aa82-022702612ec3,4,2024-01-01 08:00:00+00,
8ca59691-adf8-51a8-b50a-2087963c5731,9096801a-a6fd-5ca3-a667-34759b5adb9e,b7a1b9fd-8f56-560d-9305-deed54687d22,6,2024-01-01 08:00:00+00,
83f353f4-b09e-56dd-8c76-505971bf1655,9096801a-a6fd-5ca3-a667-34759b5adb9e,a9f4aeea-27bc-5047-a35e-44f023b8f2ad,1,2024-01-01 08:00:00+00,
25c5e082-67d1-5504-8bca-9deef20805a2,9096801a-a6fd-5ca3-a667-34759b5adb9e,4dbba0c2-ae57-5dc7-b322-ebd502b7e9dc,1,2024-01-01 08:00:00+00,
dfa71320-aed4-57b6-b5de-3928b3ee7391,9096801a-a6fd-5ca3-a667-34759b5adb9e,47ef1976-a8ff-5e77-a43f-d0edf871044d,6,2024-01-01 08:00:00+00,
7be0c09a-26c5-5231-932c-5143c1803324,1b8e1d0e-392d-5e23-854a-832f0d6ac35d,904e3f0f-6bf5-50ec-bc53-c6f243ee202b,4,2024-01-01 08:00:00+00,
2de49b5f-848f-5243-abc9-a527cfffdd1e,1b8e1d0e-392d-5e23-854a-832f0d6ac35d,4dbba0c2-ae57-5dc7-b322-ebd502b7e9dc,5,2024-01-01 08:00:00+00,
5af03b3b-3923-5654-8d1c-b5e985b31da8,1b8e1d0e-392d-5e23-854a-832f0d6ac35d,ecb483f2-6519-5e6b-be8a-4d02683a104d,6,2024-01-01 08:00:00+00,
ea7f689c-51ff-573d-98ed-ee7f28442b9b,1b8e1d0e-392d-5e23-854a-832f0d6ac35d,9fe6bfae-25b1-5a97-8b62-27ad4c0075ac,6,2024-01-01 08:00:00+00,
c40be9c3-a42e-5ccc-a074-16499c921f12,1b8e1d0e-392d-5e23-854a-832f0d6ac35d,e153701c-f7d3-5121-a787-525e3365b0b7,1,2024-01-01 08:00:00+00,
50992fad-e002-54e6-a2dc-6384f2dc6e69,1b8e1d0e-392d-5e23-854a-832f0d6ac35d,e50a6af1-b138-5282-8dc6-9b2279dbf6e0,2,2024-01-01 08:00:00+00,
287dab80-2b26-5ecb-a633-abc204af4148,8110e190-2a4b-579b-be2c-511de85ab755,6d3f1c0f-d69c-51f5-b684-2ac89e6fdc36,6,2024-01-01 08:00:00+00,
8d41777d-028b-5ef7-b5bd-9710547682cc,8110e190-2a4b-579b-be2c-511de85ab755,4c2cb39f-b7ff-510d-b2e6-7dc1287bb1c6,5,2024-01-01 08:00:00+00,
409ec6ee-19f0-5b1f-8645-7d523c44e17f,8110e190-2a4b-579b-be2c-511de85ab755,f9adac6e-23a3-50e4-a675-dd3f8127127a,3,2024-01-01 08:00:00+00,
28902d79-3913-5ce9-94d3-df12bdf40a16,8110e190-2a4b-579b-be2c-511de85ab755,da6df8e6-4108-52a6-aa47-372ca39561ad,5,2024-01-01 08:00:00+00,
712d1cf7-c0c7-5f95-ac6c-0aa95e37927e,8110e190-2a4b-579b-be2c-511de85ab755,6eb93316-084b-5ed9-a0ef-367840740026,5,2024-01-01 08:00:00+00,
e17e22d0-28f1-572f-bdef-ea4b9a11f962,8110e190-2a4b-579b-be2c-511de85ab755,2b88de94-622b-5266-8f74-f4cf38213f36,6,2024-01-01 08:00:00+00,
9a3d9330-1f50-566c-a5a1-6d7f1e6a24fe,8110e190-2a4b-579b-be2c-511de85ab755,e153701c-f7d3-5121-a787-525e3365b0b7,3,2024-01-01 08:00:00+00,
54824474-17c3-5311-b87e-73806da1f351,8110e190-2a4b-579b-be2c-511de85ab755,9680dcf7-75b4-5bc1-a51a-41760ec5b5da,2,2024-01-01 08:00:00+00,
81d80d31-2363-5ead-b108-63ba5fdfe91d,ab9d2edf-ae6c-55be-beec-404b29edda19,b7a1b9fd-8f56-560d-9305-deed54687d22,5,2024-01-01 08:00:00+00,
990347ce-cf36-57cb-a5f4-a9f86d978a8c,ab9d2edf-ae6c-55be-beec-404b29edda19,438a1080-11e3-5946-aab7-86b27bae7d6c,5,2024-01-01 08:00:00+00,
3bf7da42-b641-5a09-84b7-3a846b8d034b,ab9d2edf-ae6c-55be-beec-404b29edda19,0358354a-abdc-5d26-b0a5-344d512cbf09,6,2024-01-01 08:00:00+00,
05166670-0871-57e2-9613-aee9c9c51205,ab9d2edf-ae6c-55be-beec-404b29edda19,d903f438-4ff6-5782-8b99-2b259e549bae,2,2024-01-01 08:00:00+00,
a0b6f009-4d0e-51b7-a87f-b69214c5eeb9,ab9d2edf-ae6c-55be-beec-404b29edda19,e153701c-f7d3-5121-a787-525e3365b0b7,6,2024-01-01 08:00:00+00,
6885e822-b3f3-5085-bf9e-ffcda403b386,85ee2954-52d3-5ec2-8fea-0575175559ac,d63ecd00-e0e1-5064-a272-6b3fd118897a,4,2024-01-01 08:00:00+00,
7216fc06-09ec-5065-a218-3da8e929273f,85ee2954-52d3-5ec2-8fea-0575175559ac,6d3f1c0f-d69c-51f5-b684-2ac89e6fdc36,2,2024-01-01 08:00:00+00,
959a92e7-5039-5d93-8b12-56ff074279cd,85ee2954-52d3-5ec2-8fea-0575175559ac,054b298d-db01-5820-b554-30f66aa35c3d,5,2024-01-01 08:00:00+00,
f3943c69-7b5f-5599-a82a-d4b3384ede6b,85ee2954-52d3-5ec2-8fea-0575175559ac,5ce89cb6-5da8-5ef6-9c05-725470bfd4dc,4,2024-01-01 08:00:00+00,
c3ce8064-ec1b-55c7-9fbe-5e1ad0334810,85ee2954-52d3-5ec2-8fea-0575175559ac,6eb93316-084b-5ed9-a0ef-367840740026,2,2024-01-01 08:00:00+00,
d2d34a31-fe1e-5f50-956a-78d299e30bf9,85ee2954-52d3-5ec2-8fea-0575175559ac,438a1080-11e3-5946-aab7-86b27bae7d6c,2,2024-01-01 08:00:00+00,
47fa8ce3-ac20-5ef3-82b2-a1dfe174b345,85ee2954-52d3-5ec2-8fea-0575175559ac,f2958f3b-fe26-53f2-b201-0adfe2c62b12,3,2024-01-01 08:00:00+00,
660ee180-8a96-5923-ab72-ae173e173de7,85ee2954-52d3-5ec2-8fea-0575175559ac,b291e69c-3ba0-55dd-948e-5ded11e12837,6,2024-01-01 08:00:00+00,
d6aacbfb-91bf-5af2-9c7c-1c0773571110,f40bf37b-20d6-5349-82b6-18cbd1f10e83,e153701c-f7d3-5121-a787-525e3365b0b7,5,2024-01-01 08:00:00+00,
2ada5d8e-cb29-52b2-a828-67d207754989,f40bf37b-20d6-5349-82b6-18cbd1f10e83,1f748f02-3573-5213-a17e-3882ad9d6f68,5,2024-01-01 08:00:00+00,
3b44472b-6fba-5972-bf52-5222e24386c2,f40bf37b-20d6-5349-82b6-18cbd1f10e83,d455bb51-f80d-59a5-84f4-9f5aca68de09,2,2024-01-01 08:00:00+00,
42633724-6a9e-5eb7-8784-9a7acf95a2d3,f40bf37b-20d6-5349-82b6-18cbd1f10e83,376920f3-a563-5472-a6e5-8fa6d0a6e50d,4,2024-01-01 08:00:00+00,
deea7439-de35-507b-9d74-f425dc08aa85,263e995b-8be3-5198-adb6-aa81c41bf770,6d3f1c0f-d69c-51f5-b684-2ac89e6fdc36,3,2024-01-01 08:00:00+00,
c51e5a21-4a32-566a-8935-7f631550ec9f,263e995b-8be3-5198-adb6-aa81c41bf770,5ce89cb6-5da8-5ef6-9c05-725470bfd4dc,1,2024-01-01 08:00:00+00,
2ec015db-b1ac-596f-a73d-5b76895e73d5,263e995b-8be3-5198-adb6-aa81c41bf770,f69bfb94-5dd8-55ad-aeec-1739ff688700,5,2024-01-01 08:00:00+00,
6bf4a747-acc8-5fa4-89d5-5cf5fd27bf71,263e995b-8be3-5198-adb6-aa81c41bf770,d0d99009-91d4-5307-a15b-de554997b527,6,2024-01-01 08:00:00+00,
a0387d99-9db5-5693-83b7-aaf5da8c12c3,03daeeea-7468-535a-a03a-78f80e9f433f,8b1d6434-6666-5080-b73d-a8bbb00a26ba,1,2024-01-01 08:00:00+00,
e1768326-e70d-5ba7-a8d3-8374167a0e3c,03daeeea-7468-535a-a03a-78f80e9f433f,ef7e6fd5-91d3-5f5c-9cb6-1c21ef7b5edd,2,2024-01-01 08:00:00+00,
6271672e-ad15-5cfc-97ba-018bcd763cb1,03daeeea-7468-535a-a03a-78f80e9f433f,d3b4ae87-6dda-50ff-9dd7-af8911607762,5,2024-01-01 08:00:00+00,
5204e3ab-17d2-5b9e-88bf-e968f41a0789,03daeeea-7468-535a-a03a-78f80e9f433f,aa8ce59c-84c0-55df-8132-94fd1826995c,6,2024-01-01 08:00:00+00,
3013b7f4-3b37-5010-9c4a-059110c9bd14,72067051-48fc-5737-a00c-93c490bd0b34,4dbba0c2-ae57-5dc7-b322-ebd502b7e9dc,1,2024-01-01 08:00:00+00,
f7bb61c1-fbcb-57fc-adce-51cc0eaba66f,72067051-48fc-5737-a00c-93c490bd0b34,ae52aee9-67d2-56f8-b039-27630c8e2f1b,6,2024-01-01 08:00:00+00,
2242952c-8df0-5160-8dd3-4844118ccc3a,72067051-48fc-5737-a00c-93c490bd0b34,5847a71e-dc07-5859-8972-bb633d99872f,4,2024-01-01 08:00:00+00,
e620e008-e6ef-52f6-b908-40b5dcc7015d,72067051-48fc-5737-a00c-93c490bd0b34,6f590127-e86d-5c76-9a22-114f8a045970,2,2024-01-01 08:00:00+00,
1f14b287-8f13-59f6-8c2a-f9c3cd1578ad,72067051-48fc-5737-a00c-93c490bd0b34,27038bf3-fbc8-5df7-909d-7f15223a98d1,6,2024-01-01 08:00:00+00,
526106c4-f965-594f-bbef-0bddbcd35585,72067051-48fc-5737-a00c-93c490bd0b34,121c169f-01de-5e4c-943b-ae59e23625f6,5,2024-01-01 08:00:00+00,
efbf224f-e60b-585b-88b0-6fb2062b6d22,72067051-48fc-5737-a00c-93c490bd0b34,e153701c-f7d3-5121-a787-525e3365b0b7,6,2024-01-01 08:00:00+00,
e9ba3c39-156d-582d-b29f-eafa2097c373,72067051-48fc-5737-a00c-93c490bd0b34,88f55d36-065b-5d3c-b63e-017908daf8da,2,2024-01-01 08:00:00+00,
ad853347-81b5-5681-9cd0-4785cbe219a0,73148ed3-fbe9-5571-a16d-34fb5520390e,6f5dfad4-9bbe-590b-8672-7b40047a8328,5,2024-01-01 08:00:00+00,
2326ca24-c27c-5778-a152-c7c384134ae0,73148ed3-fbe9-5571-a16d-34fb5520390e,d8c28f14-7fe8-5a0f-a6a0-51c4b01eb58f,4,2024-01-01 08:00:00+00,
c109e1b3-875d-5b48-9691-c67bb38842ae,73148ed3-fbe9-5571-a16d-34fb5520390e,0f3c6612-46ad-5185-905c-4f0339676ecd,4,2024-01-01 08:00:00+00,
cba68095-4437-5860-a6f1-b28f2c8060d9,73148ed3-fbe9-5571-a16d-34fb5520390e,e153701c-f7d3-5121-a787-525e3365b0b7,1,2024-01-01 08:00:00+00,
baa190f6-2d79-5b38-a106-233816f628eb,73148ed3-fbe9-5571-a16d-34fb5520390e,a06abdd5-e761-55ca-b0e9-7b8f84dcde8f,6,2024-01-01 08:00:00+00,
831ce6ca-7cdf-5a54-af33-3365b0d3083f,73148ed3-fbe9-5571-a16d-34fb5520390e,376920f3-a563-5472-a6e5-8fa6d0a6e50d,4,2024-01-01 08:00:00+00,
67956aca-10a3-5c07-a0c4-2d6868db485e,515f77ef-9c32-5e75-81c3-2b3795c000f2,aa8ce59c-84c0-55df-8132-94fd1826995c,2,2024-01-01 08:00:00+00,
c05a06b9-5881-551f-9c12-4a2edc8f0bb6,515f77ef-9c32-5e75-81c3-2b3795c000f2,438a1080-11e3-5946-aab7-86b27bae7d6c,1,2024-01-01 08:00:00+00,
dc261d1c-ed09-5e5d-989b-11ec69a31ec0,515f77ef-9c32-5e75-81c3-2b3795c000f2,e153701c-f7d3-5121-a787-525e3365b0b7,3,2024-01-01 08:00:00+00,
2e5af2be-59bb-5c81-931c-aba266f052a9,515f77ef-9c32-5e75-81c3-2b3795c000f2,ebe701cb-80a9-5b55-aa82-022702612ec3,5,2024-01-01 08:00:00+00,
196dfd2e-c3c7-587b-b3fc-0e2bce604aab,515f77ef-9c32-5e75-81c3-2b3795c000f2,376920f3-a563-5472-a6e5-8fa6d0a6e50d,5,2024-01-01 08:00:00+00,
edf3a1f4-403a-564f-83ae-c347c1e04e17,bcd21179-c89f-5095-808a-e72f06c0841d,25b53cef-c869-5558-b1c7-d2527df0a4f6,3,2024-01-01 08:00:00+00,
578bfe0e-2e5e-5ab4-9ca9-0ddb8f78b694,bcd21179-c89f-5095-808a-e72f06c0841d,b7a1b9fd-8f56-560d-9305-deed54687d22,3,2024-01-01 08:00:00+00,
8e2f3674-aec3-5533-8e73-5744876b1106,bcd21179-c89f-5095-808a-e72f06c0841d,da6df8e6-4108-52a6-aa47-372ca39561ad,4,2024-01-01 08:00:00+00,
ee22c031-876a-51ed-98b3-f314b06fea53,bcd21179-c89f-5095-808a-e72f06c0841d,3c26ffac-a59e-5bf0-9c07-8c4a0edca435,6,2024-01-01 08:00:00+00,
12265718-941c-5944-8dcc-bd652d89ccb9,bcd21179-c89f-5095-808a-e72f06c0841d,e153701c-f7d3-5121-a787-525e3365b0b7,6,2024-01-01 08:00:00+00,
ef83b05e-ee50-50e2-80fa-14c033ae982c,bcd21179-c89f-5095-808a-e72f06c0841d,5df96f7f-a042-5558-9080-2aa59b8bcd12,6,2024-01-01 08:00:00+00,
5eb39b47-c5bd-5cb9-b57d-cecbe6f53b4a,bcd21179-c89f-5095-808a-e72f06c0841d,ebe701cb-80a9-5b55-aa82-022702612ec3,4,2024-01-01 08:00:00+00,
f3d75096-9a0d-5fff-b0b1-154092c62d9a,df03a7e9-20ca-5987-a644-76566671155b,25b53cef-c869-5558-b1c7-d2527df0a4f6,6,2024-01-01 08:00:00+00,
e474ecb8-795c-55cf-bad7-286a612fa1e2,df03a7e9-20ca-5987-a644-76566671155b,83a85d79-d2be-5e9b-8b46-3f0455ecc668,1,2024-01-01 08:00:00+00,
e2158d67-68bc-5615-bf34-707b76f8c630,df03a7e9-20ca-5987-a644-76566671155b,6d3f1c0f-d69c-51f5-b684-2ac89e6fdc36,5,2024-01-01 08:00:00+00,
5a683e52-d21a-5118-9aff-b88da0fc4e70,df03a7e9-20ca-5987-a644-76566671155b,8fc11a14-2c8a-5d15-88b8-162a4c43c8da,1,2024-01-01 08:00:00+00,
bf758861-374b-5953-9533-474e35cefec5,df03a7e9-20ca-5987-a644-76566671155b,121c169f-01de-5e4c-943b-ae59e23625f6,1,2024-01-01 08:00:00+00,
fdacb5b7-95bc-5872-aeb0-b8be662fecc2,df03a7e9-20ca-5987-a644-76566671155b,e153701c-f7d3-5121-a787-525e3365b0b7,6,2024-01-01 08:00:00+00,
c06549ef-0b9d-5231-b39c-d809a56d4540,49690aee-94fa-525b-b5ce-92feaf54b957,438a1080-11e3-5946-aab7-86b27bae7d6c,2,2024-01-01 08:00:00+00,
be2c34f0-9122-5780-b380-f5bdbd549147,49690aee-94fa-525b-b5ce-92feaf54b957,065d0614-e372-51d2-8cd7-206a38630104,1,2024-01-01 08:00:00+00,
9f1431a4-2e27-56cd-b42d-8fe1c6d30238,49690aee-94fa-525b-b5ce-92feaf54b957,f72640e7-a2ef-50e4-b610-ab2ed6eca6a6,6,2024-01-01 08:00:00+00,
7b071015-3440-5560-b414-faa46dd34fe5,ef9ef5f5-f4f4-5cf3-8420-397a6fcbf152,e5d9f678-96be-5acd-b791-b8507ec168f7,6,2024-01-01 08:00:00+00,
b2cc4f4f-4304-5637-98ba-6abec9045eca,ef9ef5f5-f4f4-5cf3-8420-397a6fcbf152,6f17cd00-2084-593f-a286-505a2937c15e,5,2024-01-01 08:00:00+00,
3202791b-e4b9-5ea3-bb65-a8cc6656f503,ef9ef5f5-f4f4-5cf3-8420-397a6fcbf152,aa8ce59c-84c0-55df-8132-94fd1826995c,4,2024-01-01 08:00:00+00,
1fc18b3d-c9d7-5566-9496-e0c6f034af57,ef9ef5f5-f4f4-5cf3-8420-397a6fcbf152,7e223ce1-fad8-50d3-9d36-022f168a3a2d,6,2024-01-01 08:00:00+00,
a51e6b59-8598-549a-b377-8f40f199f373,70b50d29-9125-53dc-a829-c961b011e429,25b53cef-c869-5558-b1c7-d2527df0a4f6,6,2024-01-01 08:00:00+00,
a9354a68-24af-5802-9dcf-a40ff1377d7b,70b50d29-9125-53dc-a829-c961b011e429,b7a1b9fd-8f56-560d-9305-deed54687d22,6,2024-01-01 08:00:00+00,
f033585f-9828-5a8c-87a8-f46aa9997123,70b50d29-9125-53dc-a829-c961b011e429,438a1080-11e3-5946-aab7-86b27bae7d6c,4,2024-01-01 08:00:00+00,
955b688f-b4fd-5ebb-b266-f343302d2b44,70b50d29-9125-53dc-a829-c961b011e429,6f17cd00-2084-593f-a286-505a2937c15e,2,2024-01-01 08:00:00+00,
6decd7f2-9478-531c-8478-b003f24fa7ae,70b50d29-9125-53dc-a829-c961b011e429,5847a71e-dc07-5859-8972-bb633d99872f,1,2024-01-01 08:00:00+00,
5c1f209c-e427-53ba-921a-b27c04f1236a,70b50d29-9125-53dc-a829-c961b011e429,e153701c-f7d3-5121-a787-525e3365b0b7,1,2024-01-01 08:00:00+00,
9d01b76f-ec61-5976-86ad-7b38b3618c00,cf40a232-f9b9-5adf-afb6-0a981f2ffcf7,446cca11-1c51-5289-9423-c9eb1ea4a694,4,2024-01-01 08:00:00+00,
37315047-5290-58c9-b7ef-2d7f1b814a3f,cf40a232-f9b9-5adf-afb6-0a981f2ffcf7,6d3f1c0f-d69c-51f5-b684-2ac89e6fdc36,4,2024-01-01 08:00:00+00,
1aa2dc3e-bb49-5af6-9e59-6ff28ab4a244,cf40a232-f9b9-5adf-afb6-0a981f2ffcf7,8178f903-f188-55a9-a15c-22c0a3770d3c,5,2024-01-01 08:00:00+00,
94ef4965-e940-525d-b554-1c1af82aa1e9,cf40a232-f9b9-5adf-afb6-0a981f2ffcf7,1bc7f331-4eed-54cb-9a7a-3f6818fa8114,2,2024-01-01 08:00:00+00,
f7a8530b-4202-5abf-a857-35d445c7945f,cf40a232-f9b9-5adf-afb6-0a981f2ffcf7,aa8ce59c-84c0-55df-8132-94fd1826995c,6,2024-01-01 08:00:00+00,
1edc66d1-ca3b-5fec-a077-d4766b493e80,cf40a232-f9b9-5adf-afb6-0a981f2ffcf7,e153701c-f7d3-5121-a787-525e3365b0b7,2,2024-01-01 08:00:00+00,
f88e77a3-908a-5d8c-aa0e-95dc1a5d0812,cf40a232-f9b9-5adf-afb6-0a981f2ffcf7,ebe701cb-80a9-5b55-aa82-022702612ec3,3,2024-01-01 08:00:00+00,
31b71e13-ef4d-5d95-9baa-dd7591030019,047edcf5-114c-5342-b495-232fc4aaf6fe,8ece6a37-ec38-5c0c-92de-f1c41c3ba8f8,6,2024-01-01 08:00:00+00,
ef1f9a20-dbaa-5170-9bea-bd68befc4649,047edcf5-114c-5342-b495-232fc4aaf6fe,6d3f1c0f-d69c-51f5-b684-2ac89e6fdc36,1,2024-01-01 08:00:00+00,
f482fd81-f787-5d7c-a55a-016367776293,047edcf5-114c-5342-b495-232fc4aaf6fe,7a9aa784-d8c9-556f-8ea4-346de491c6a6,6,2024-01-01 08:00:00+00,
fccdfb52-b90b-5606-86de-ae4ecd5f90bd,047edcf5-114c-5342-b495-232fc4aaf6fe,121c169f-01de-5e4c-943b-ae59e23625f6,2,2024-01-01 08:00:00+00,
5bc35708-91ab-5fba-afad-08307bb78a1a,047edcf5-114c-5342-b495-232fc4aaf6fe,aa8ce59c-84c0-55df-8132-94fd1826995c,1,2024-01-01 08:00:00+00,
d79e66bc-31cc-5fb9-909f-fb60c357361d,047edcf5-114c-5342-b495-232fc4aaf6fe,438a1080-11e3-5946-aab7-86b27bae7d6c,4,2024-01-01 08:00:00+00,
7c83f9bf-71bf-5b25-a286-ca3802334a5e,047edcf5-114c-5342-b495-232fc4aaf6fe,9ac52ec0-43ad-5df1-b95e-4d763ebdf2fb,4,2024-01-01 08:00:00+00,
2f27b4aa-4491-50f4-83eb-c8614af2d3eb,047edcf5-114c-5342-b495-232fc4aaf6fe,9680dcf7-75b4-5bc1-a51a-41760ec5b5da,6,2024-01-01 08:00:00+00,
11809951-18d7-54be-b397-9a77dd1d603f,093be7d5-f016-5f2c-b71d-4dce4b0e9514,44922936-9f41-592b-a33d-7ecf7ff76434,6,2024-01-01 08:00:00+00,
f030b713-74fa-5178-aa17-d079c92bbf28,093be7d5-f016-5f2c-b71d-4dce4b0e9514,8e085beb-7ba6-50e0-abfd-d62fd0afb65c,5,2024-01-01 08:00:00+00,
d8e0ce4c-6e68-52b7-b26b-d72134e8aaaa,093be7d5-f016-5f2c-b71d-4dce4b0e9514,6d3f1c0f-d69c-51f5-b684-2ac89e6fdc36,4,2024-01-01 08:00:00+00,
6a3a450a-676f-56b9-8eb1-b18dd2878fe5,093be7d5-f016-5f2c-b71d-4dce4b0e9514,e153701c-f7d3-5121-a787-525e3365b0b7,3,2024-01-01 08:00:00+00,
7bae16bc-5ca4-5edd-a34c-a53cb61c8bd7,093be7d5-f016-5f2c-b71d-4dce4b0e9514,ebe701cb-80a9-5b55-aa82-022702612ec3,1,2024-01-01 08:00:00+00,
56ea33d8-b120-5ade-a3d1-1ab73cfb409f,cf629a09-093e-5b99-8bf4-da2438fa51c4,e153701c-f7d3-5121-a787-525e3365b0b7,6,2024-01-01 08:00:00+00,
8524a537-8309-5e5f-b37f-690242e5a4b2,cf629a09-093e-5b99-8bf4-da2438fa51c4,ca91e692-60f8-597e-8c60-c2a9fa25df5b,1,2024-01-01 08:00:00+00,
a1a91003-038c-5642-bde1-168a74d13677,cf629a09-093e-5b99-8bf4-da2438fa51c4,b7a1b9fd-8f56-560d-9305-deed54687d22,2,2024-01-01 08:00:00+00,
a749a253-9e44-5330-97c4-aa855621ab44,5bfb3415-c6ae-5fa3-a84b-8a98a543ab9a,03dcf6f4-6283-5b72-b0e5-34c6b46da88e,3,2024-01-01 08:00:00+00,
55436754-4860-57e6-b2bd-59c132c625b9,5bfb3415-c6ae-5fa3-a84b-8a98a543ab9a,6d3f1c0f-d69c-51f5-b684-2ac89e6fdc36,2,2024-01-01 08:00:00+00,
47089575-7665-5001-b3a1-353caa2b2a5b,5bfb3415-c6ae-5fa3-a84b-8a98a543ab9a,7a9aa784-d8c9-556f-8ea4-346de491c6a6,5,2024-01-01 08:00:00+00,
f8b2b361-e311-5152-9ca5-b59f811f87f7,5bfb3415-c6ae-5fa3-a84b-8a98a543ab9a,5847a71e-dc07-5859-8972-bb633d99872f,2,2024-01-01 08:00:00+00,
ae9c1991-3ff7-5a24-95b6-e5374e19e7ba,5bfb3415-c6ae-5fa3-a84b-8a98a543ab9a,ebe701cb-80a9-5b55-aa82-022702612ec3,5,2024-01-01 08:00:00+00,
00fd8410-2b4f-5c85-a2d8-643c806a1d96,c388846e-4e3c-5d57-b61f-ed13c7edc4da,d31399f9-d6cb-5103-a86d-554c8c75eb3f,1,2024-01-01 08:00:00+00,
d8b869f4-4e88-56a9-af1f-3c00e0f82132,c388846e-4e3c-5d57-b61f-ed13c7edc4da,c6e149a7-a831-5010-a418-46de00cf7f21,5,2024-01-01 08:00:00+00,
aff36336-e18d-5ae0-bd56-54934a40f3bd,c388846e-4e3c-5d57-b61f-ed13c7edc4da,ca605648-8d7a-5dba-9f8b-076f94caebcb,6,2024-01-01 08:00:00+00,
31538b96-72e5-5cdf-a18f-30c3903ca9e1,c388846e-4e3c-5d57-b61f-ed13c7edc4da,6eb93316-084b-5ed9-a0ef-367840740026,3,2024-01-01 08:00:00+00,
ad26a9f9-34f8-5cf6-9a38-0e460258cc7c,c388846e-4e3c-5d57-b61f-ed13c7edc4da,e153701c-f7d3-5121-a787-525e3365b0b7,1,2024-01-01 08:00:00+00,
ad055d1f-7fbb-574e-9907-aa6c5bd8a530,c388846e-4e3c-5d57-b61f-ed13c7edc4da,295ce3c8-2480-560f-a45f-79f181f67c19,1,2024-01-01 08:00:00+00,
31ecba4a-52ff-58d5-a4e6-01b1e655c6ea,6feb3ffe-e89f-55ab-81d5-d9b136a73c27,ecb483f2-6519-5e6b-be8a-4d02683a104d,3,2024-01-01 08:00:00+00,
82a2b925-b8d5-5638-8758-3cadb17d5c67,6feb3ffe-e89f-55ab-81d5-d9b136a73c27,da6df8e6-4108-52a6-aa47-372ca39561ad,1,2024-01-01 08:00:00+00,
21072470-84cb-5776-b6b1-1276f6e5d645,6feb3ffe-e89f-55ab-81d5-d9b136a73c27,6d3f1c0f-d69c-51f5-b684-2ac89e6fdc36,6,2024-01-01 08:00:00+00,
444b114d-aa03-5000-b878-b7614798a71e,6feb3ffe-e89f-55ab-81d5-d9b136a73c27,e153701c-f7d3-5121-a787-525e3365b0b7,3,2024-01-01 08:00:00+00,
7be217e9-1b52-5010-8107-3924b9512b5b,6feb3ffe-e89f-55ab-81d5-d9b136a73c27,d455bb51-f80d-59a5-84f4-9f5aca68de09,4,2024-01-01 08:00:00+00,
53ed8d90-89eb-5fb5-93a6-c408a18fdc88,6feb3ffe-e89f-55ab-81d5-d9b136a73c27,8b1d6434-6666-5080-b73d-a8bbb00a26ba,4,2024-01-01 08:00:00+00,
b6597872-3f52-544c-9d50-8a3fcdd8333c,e7c66ad7-b5d3-5271-9438-d4741c6f9cbc,438a1080-11e3-5946-aab7-86b27bae7d6c,6,2024-01-01 08:00:00+00,
fef11c87-dd29-562f-875d-bb2f751e0330,e7c66ad7-b5d3-5271-9438-d4741c6f9cbc,d63ecd00-e0e1-5064-a272-6b3fd118897a,4,2024-01-01 08:00:00+00,
185bdf50-63c4-5aa8-a3c1-db01250330f6,e7c66ad7-b5d3-5271-9438-d4741c6f9cbc,0f3c6612-46ad-5185-905c-4f0339676ecd,1,2024-01-01 08:00:00+00,
f7b207b0-da66-5673-b9ef-28f8fdc9266c,e7c66ad7-b5d3-5271-9438-d4741c6f9cbc,f5ae66ef-8569-56eb-bb38-60aab9f96efd,5,2024-01-01 08:00:00+00,
230eaacd-47c5-5321-a1bf-35d167d2c951,5e41eef3-c306-5dd1-ab8c-d305ebc7c2d5,5c0784a2-fa9b-56f6-9015-bac9a63bbfa6,3,2024-01-01 08:00:00+00,
09077b58-33cb-5b92-b455-baebeb51607b,5e41eef3-c306-5dd1-ab8c-d305ebc7c2d5,c6df4d85-a66d-58a3-abda-3401b6b93bcf,3,2024-01-01 08:00:00+00,
a6dd57d7-fe50-5561-8844-6006f04e41e1,5e41eef3-c306-5dd1-ab8c-d305ebc7c2d5,6d3f1c0f-d69c-51f5-b684-2ac89e6fdc36,1,2024-01-01 08:00:00+00,
1e41b9e1-443d-5c22-bb77-73ce497d8d72,5e41eef3-c306-5dd1-ab8c-d305ebc7c2d5,13b27d3c-2dde-566c-9a39-03a7dea18bcd,1,2024-01-01 08:00:00+00,
4a236107-cf07-5c86-918b-453e4b2a1e37,5e41eef3-c306-5dd1-ab8c-d305ebc7c2d5,ca605648-8d7a-5dba-9f8b-076f94caebcb,1,2024-01-01 08:00:00+00,
4f8342b8-981e-5954-8326-2b2d5c6ec6e4,4bb3265f-5fd8-5ee9-b01b-7ca5808bca6b,442dc71f-e7da-5dc6-9708-9ad07f22a755,5,2024-01-01 08:00:00+00,
8f2c5476-e28e-51ab-acb9-4e5df192958c,4bb3265f-5fd8-5ee9-b01b-7ca5808bca6b,f72640e7-a2ef-50e4-b610-ab2ed6eca6a6,4,2024-01-01 08:00:00+00,
b87ea110-06f8-5c0c-928e-1d585c16f860,4bb3265f-5fd8-5ee9-b01b-7ca5808bca6b,6d3f1c0f-d69c-51f5-b684-2ac89e6fdc36,1,2024-01-01 08:00:00+00,
6e090ee5-d473-5cec-98b6-dc0ff45d80f7,4bb3265f-5fd8-5ee9-b01b-7ca5808bca6b,438a1080-11e3-5946-aab7-86b27bae7d6c,1,2024-01-01 08:00:00+00,
5212df67-7645-5b7f-ba04-18a7c722558d,4bb3265f-5fd8-5ee9-b01b-7ca5808bca6b,e153701c-f7d3-5121-a787-525e3365b0b7,1,2024-01-01 08:00:00+00,
f47719b4-02f5-5d55-8ece-134d8ee875b8,ae16db22-a7d1-5cd3-8409-669d957eb80d,438a1080-11e3-5946-aab7-86b27bae7d6c,1,2024-01-01 08:00:00+00,
b44eaf74-22b1-50ed-b075-71f89bf6cd92,ae16db22-a7d1-5cd3-8409-669d957eb80d,e5d9f678-96be-5acd-b791-b8507ec168f7,6,2024-01-01 08:00:00+00,
d49e9b63-1584-5593-b8f3-e6d4c01d911b,ae16db22-a7d1-5cd3-8409-669d957eb80d,6eb93316-084b-5ed9-a0ef-367840740026,5,2024-01-01 08:00:00+00,
ec427a0c-6eb1-5466-891e-2add8da1bf2f,ae16db22-a7d1-5cd3-8409-669d957eb80d,e153701c-f7d3-5121-a787-525e3365b0b7,2,2024-01-01 08:00:00+00,
5e211d1e-2e91-5072-9b6c-e3bb32b5cacf,ae16db22-a7d1-5cd3-8409-669d957eb80d,ab23331f-5fd5-5058-aa24-a1eaec9d64c7,5,2024-01-01 08:00:00+00,
d76b36d2-3fcb-500b-b36c-4efbb3060d91,950c0334-92d4-54ec-b05b-35e20983883c,904e3f0f-6bf5-50ec-bc53-c6f243ee202b,4,2024-01-01 08:00:00+00,
824acbc6-3342-5a0a-8344-1c52bfea83be,950c0334-92d4-54ec-b05b-35e20983883c,d31399f9-d6cb-5103-a86d-554c8c75eb3f,1,2024-01-01 08:00:00+00,
4a9fab0d-d17c-5639-847c-1fea33957332,950c0334-92d4-54ec-b05b-35e20983883c,438a1080-11e3-5946-aab7-86b27bae7d6c,3,2024-01-01 08:00:00+00,
9d0f5018-58bf-5e8a-b69c-dff142e5efee,950c0334-92d4-54ec-b05b-35e20983883c,6d3f1c0f-d69c-51f5-b684-2ac89e6fdc36,3,2024-01-01 08:00:00+00,
73b4ad4f-09e5-513e-9d1c-7db2d925954f,950c0334-92d4-54ec-b05b-35e20983883c,5c68f9b3-a5ec-5657-abd5-cae3915d55d5,2,2024-01-01 08:00:00+00,
49899c24-3ac5-5a6d-bcd9-16f607f2db34,950c0334-92d4-54ec-b05b-35e20983883c,2b88de94-622b-5266-8f74-f4cf38213f36,6,2024-01-01 08:00:00+00,
7559db85-e3cf-5183-bda6-9983510d7915,950c0334-92d4-54ec-b05b-35e20983883c,b291e69c-3ba0-55dd-948e-5ded11e12837,6,2024-01-01 08:00:00+00,
53795bcf-777f-5c78-984f-73b620ccf3e5,59115f56-acf8-50f7-9dfd-c99816aa2172,ae52aee9-67d2-56f8-b039-27630c8e2f1b,5,2024-01-01 08:00:00+00,
479178b0-ad46-5c51-b7e4-2c65104a07d1,59115f56-acf8-50f7-9dfd-c99816aa2172,6d3f1c0f-d69c-51f5-b684-2ac89e6fdc36,4,2024-01-01 08:00:00+00,
e9dd22c6-8ece-5a80-bb8f-3faffc407421,59115f56-acf8-50f7-9dfd-c99816aa2172,5c68f9b3-a5ec-5657-abd5-cae3915d55d5,3,2024-01-01 08:00:00+00,
f6b00188-5a2a-53da-8f2d-d9da0cbe9130,59115f56-acf8-50f7-9dfd-c99816aa2172,15c3f174-6442-595a-91d0-c0f371b5b06d,4,2024-01-01 08:00:00+00,
c2782d87-dcba-51fb-9d09-825cdb358ab7,59115f56-acf8-50f7-9dfd-c99816aa2172,e153701c-f7d3-5121-a787-525e3365b0b7,3,2024-01-01 08:00:00+00,
986fb7c9-0c67-5fe6-a1a1-adf7f9624d20,59115f56-acf8-50f7-9dfd-c99816aa2172,ebe701cb-80a9-5b55-aa82-022702612ec3,4,2024-01-01 08:00:00+00,
6176e917-d29a-5803-8d6e-48c71fcf8e4b,605027f9-8c6a-5d9a-80f7-9d3d42930f12,6d3f1c0f-d69c-51f5-b684-2ac89e6fdc36,3,2024-01-01 08:00:00+00,
ee91a141-7fff-55ed-a748-a77218257df0,605027f9-8c6a-5d9a-80f7-9d3d42930f12,fc778370-4a47-5061-a848-0771cb209cdd,6,2024-01-01 08:00:00+00,
4ba16556-6147-5e3d-a87f-4fc8354c229a,605027f9-8c6a-5d9a-80f7-9d3d42930f12,6f590127-e86d-5c76-9a22-114f8a045970,6,2024-01-01 08:00:00+00,
5fd84c3f-911b-5528-9f2b-866e5cf31ada,605027f9-8c6a-5d9a-80f7-9d3d42930f12,5ce89cb6-5da8-5ef6-9c05-725470bfd4dc,6,2024-01-01 08:00:00+00,
f1ff28fe-8bb4-544f-8ec6-41c623a43225,605027f9-8c6a-5d9a-80f7-9d3d42930f12,15c3f174-6442-595a-91d0-c0f371b5b06d,4,2024-01-01 08:00:00+00,
8bc9efb0-9f3e-5bc0-a7ce-454cfb8daab4,605027f9-8c6a-5d9a-80f7-9d3d42930f12,d455bb51-f80d-59a5-84f4-9f5aca68de09,5,2024-01-01 08:00:00+00,
439a2d5c-5b6a-5b0e-ab31-951da9007787,605027f9-8c6a-5d9a-80f7-9d3d42930f12,6406d6e9-a15f-5f31-8f14-f4daeee272e1,2,2024-01-01 08:00:00+00,
091a209d-524b-5d13-9f5c-90059aedc6c2,605027f9-8c6a-5d9a-80f7-9d3d42930f12,ebe701cb-80a9-5b55-aa82-022702612ec3,3,2024-01-01 08:00:00+00,
86417383-40a3-592d-91d6-e15e185eaaab,a68ed02d-80a0-5ebb-a79e-1ef7c4187de5,b7a1b9fd-8f56-560d-9305-deed54687d22,2,2024-01-01 08:00:00+00,
fe9ae404-a1e0-5e6f-b40c-6c82939065c8,a68ed02d-80a0-5ebb-a79e-1ef7c4187de5,dae8cbf6-4390-529c-ad01-e1e2f563947c,6,2024-01-01 08:00:00+00,
0f490b74-13e9-54e2-a8cf-81a72ccd4e22,a68ed02d-80a0-5ebb-a79e-1ef7c4187de5,0f3c6612-46ad-5185-905c-4f0339676ecd,5,2024-01-01 08:00:00+00,
9ce3e88e-ba27-591e-89c4-e5e21a5b287e,a68ed02d-80a0-5ebb-a79e-1ef7c4187de5,6eb93316-084b-5ed9-a0ef-367840740026,1,2024-01-01 08:00:00+00,
92fec9fe-58d8-5a0d-9a80-33416c6c1670,a68ed02d-80a0-5ebb-a79e-1ef7c4187de5,ebe701cb-80a9-5b55-aa82-022702612ec3,6,2024-01-01 08:00:00+00,
36ea4242-8ff9-5e63-a9a5-730d1f0131d8,a68ed02d-80a0-5ebb-a79e-1ef7c4187de5,88ff97c3-2d1f-57a1-89c8-52f00a2ec467,4,2024-01-01 08:00:00+00,
7608c091-e752-5490-862b-e5fe4d90e32e,a32d3b40-78a1-5f18-8b90-4dd8cd4ea27b,904e3f0f-6bf5-50ec-bc53-c6f243ee202b,3,2024-01-01 08:00:00+00,
1e94f4a2-9506-5cf8-b581-59e78574cede,a32d3b40-78a1-5f18-8b90-4dd8cd4ea27b,83a85d79-d2be-5e9b-8b46-3f0455ecc668,2,2024-01-01 08:00:00+00,
fdca79e6-aecb-581e-b631-2f08eaeaabde,a32d3b40-78a1-5f18-8b90-4dd8cd4ea27b,593ffd76-8966-50f0-8339-68c5d753158e,3,2024-01-01 08:00:00+00,
13f796e5-954f-5938-a7c0-25f95c421487,a32d3b40-78a1-5f18-8b90-4dd8cd4ea27b,c6df4d85-a66d-58a3-abda-3401b6b93bcf,6,2024-01-01 08:00:00+00,
e9680ac4-f02f-54c6-b841-1c81d89d619f,a32d3b40-78a1-5f18-8b90-4dd8cd4ea27b,7a9aa784-d8c9-556f-8ea4-346de491c6a6,2,2024-01-01 08:00:00+00,
eac55014-d01c-581d-b8f8-f6dbd79d30e8,a32d3b40-78a1-5f18-8b90-4dd8cd4ea27b,6d3f1c0f-d69c-51f5-b684-2ac89e6fdc36,6,2024-01-01 08:00:00+00,
27004567-eb8c-558a-9c0e-70265526be43,a32d3b40-78a1-5f18-8b90-4dd8cd4ea27b,0322af07-860f-5bd2-bbba-f3e864e4c050,4,2024-01-01 08:00:00+00,
9981c147-8813-504b-9dab-0d453cff981f,a32d3b40-78a1-5f18-8b90-4dd8cd4ea27b,ebe701cb-80a9-5b55-aa82-022702612ec3,4,2024-01-01 08:00:00+00,
d8a57e25-4d7b-5b86-b4f0-81af4b676611,eb65b5fa-c2cb-589b-9049-2b6c7bf4d22d,d0d99009-91d4-5307-a15b-de554997b527,6,2024-01-01 08:00:00+00,
809ac2fa-ebcc-5ebc-890f-3d48c787c883,eb65b5fa-c2cb-589b-9049-2b6c7bf4d22d,e153701c-f7d3-5121-a787-525e3365b0b7,4,2024-01-01 08:00:00+00,
a0fbba2b-74f4-59ff-8fc4-627bfaa9b8ec,eb65b5fa-c2cb-589b-9049-2b6c7bf4d22d,a8c2f860-132d-58a6-93d2-a936166d31a5,5,2024-01-01 08:00:00+00,
aa83a498-6bb7-5d34-a8c1-432c2d74bb08,474da520-6891-5d9b-ad56-dbc5e963bb3f,9fe6bfae-25b1-5a97-8b62-27ad4c0075ac,5,2024-01-01 08:00:00+00,
890fa710-a460-533c-9aa6-c3e57316fa48,474da520-6891-5d9b-ad56-dbc5e963bb3f,0f3c6612-46ad-5185-905c-4f0339676ecd,5,2024-01-01 08:00:00+00,
befa969e-2e6e-5a9a-bd94-3036ef516227,474da520-6891-5d9b-ad56-dbc5e963bb3f,9e9d93b8-42e5-5b67-bfee-48fd5ffd3570,6,2024-01-01 08:00:00+00,
a0df8ec1-9c0f-5273-a3f6-59bc77015786,2c21421b-d3c2-55c3-8144-0c1f6b3e4f6a,6d3f1c0f-d69c-51f5-b684-2ac89e6fdc36,2,2024-01-01 08:00:00+00,
4c0dd1a0-7e06-586f-9fe8-6164169c4c7c,2c21421b-d3c2-55c3-8144-0c1f6b3e4f6a,4ce66ad1-187a-5aff-9681-3adb50af8817,6,2024-01-01 08:00:00+00,
b7acf2f5-3837-53a4-93b8-5dd7db73c0cc,2c21421b-d3c2-55c3-8144-0c1f6b3e4f6a,47ef1976-a8ff-5e77-a43f-d0edf871044d,5,2024-01-01 08:00:00+00,
c2dd1cf9-e37b-5332-b616-b297f249d557,c0f44500-e1d1-59e0-b53b-e0e98b24a7cf,2264814a-975b-52c8-a510-4ac3f21eee07,4,2024-02-12 08:00:00+00,
21150c02-240b-5058-a1a7-804ad2791d38,6852d7e8-9827-5aa7-a439-140e7dac645a,0322af07-860f-5bd2-bbba-f3e864e4c050,1,2024-03-18 08:00:00+00,
c78d7446-d7c7-5851-a7a7-40b627639ece,5f832cdc-1407-55fc-8fd5-76ca28247722,8b1d6434-6666-5080-b73d-a8bbb00a26ba,2,2024-05-21 08:00:00+00,
361025c8-52e4-5c85-bb54-8cdb62cffd09,b8b98483-157a-5ddb-81bf-f65f95613caa,fb2b615c-e67c-5b95-a373-e2d5d8002bdf,3,2024-07-15 08:00:00+00,
e94524d1-79df-5899-bd8d-74d6156b2c67,015ee94d-a0dc-5a3a-96b4-4318093cd0c8,9e9d93b8-42e5-5b67-bfee-48fd5ffd3570,4,2024-08-10 08:00:00+00,
f6c41ca8-b619-5a56-ae0b-0a88835dc853,c7c80e8e-2456-5c4b-97cb-5d6b8aea9e11,03dcf6f4-6283-5b72-b0e5-34c6b46da88e,2,2024-09-20 08:00:00+00,
2575ad7b-2a52-5f2c-9aca-06c04c62862b,9b88c78b-34e7-51c0-8f51-940e61379648,6af039cb-0934-5b6e-a87e-23989f36b946,1,2024-11-05 08:00:00+00,
