id,entity_type,entity_id,delay_probability,shortage_risk,impact_score,confidence,risk_category,scoring_method,model_version,snapshot_t0,horizon_days,scored_at
6bcd5282-6126-536c-82e4-65f2969a9476,supplier,afa15ef0-34ab-58ff-ad47-8060502e5f84,0.25,,0.2013,0.7,medium,weighted_formula,formula-v0,2024-12-01 08:00:00+00,14,2025-01-02 09:06:15+00
a9ecd7a9-d1f3-587f-81c0-23a31abcb9c0,supplier,b3288dd6-e3cd-5ec3-a951-39986285505b,0.1833,,0.1442,0.7,low,weighted_formula,formula-v0,2024-12-01 08:00:00+00,14,2025-01-02 09:17:46+00
7d70e062-4f5e-5734-9794-9346aad68d90,supplier,bed19e03-5ade-5692-8a4e-81fb3e8f965d,0.05,,0.0755,0.7,low,weighted_formula,formula-v0,2024-12-01 08:00:00+00,14,2025-01-02 09:12:17+00
6f8a5ebd-ccf8-56da-b6cb-db5fb95b5674,supplier,3dffa708-7186-5ce1-9e9c-96972e56f8bf,0.175,,0.1738,0.7,low,weighted_formula,formula-v0,2024-12-01 08:00:00+00,14,2025-01-02 09:20:47+00
127126f1-b45a-59fe-a27b-1889e3371471,supplier,d6589668-bf03-550c-93d5-57ece0241efc,0.2583,,0.2227,0.7,medium,weighted_formula,formula-v0,2024-12-01 08:00:00+00,14,2025-01-02 09:06:24+00
a8a89e40-b9cb-5fef-9b88-535c40864df9,supplier,9981b718-1ab2-586a-ac86-82ab2f6f445c,0.05,,0.0894,0.7,low,weighted_formula,formula-v0,2024-12-01 08:00:00+00,14,2025-01-02 09:20:22+00
0c425b4c-e355-5367-bdf3-1d1322d0f0ed,supplier,9df2da2e-507c-507e-b146-3af5cb0eb852,0.15,,0.1335,0.7,low,weighted_formula,formula-v0,2024-12-01 08:00:00+00,14,2025-01-02 09:19:33+00
2714fe96-ea30-54b6-9e30-d67138cd9252,supplier,224ca423-2c12-5113-bbd1-50eab06cf470,0.3,,0.215,0.7,medium,weighted_formula,formula-v0,2024-12-01 08:00:00+00,14,2025-01-02 09:29:54+00
be4e66e1-b406-517a-83d2-c13977f9bdda,supplier,960f8f6e-5384-5c35-bfda-77ba61e7822e,0.2773,,0.2327,0.7,medium,weighted_formula,formula-v0,2024-12-01 08:00:00+00,14,2025-01-02 09:19:17+00
4279a5e8-d15d-5f79-880e-2ec631bc578b,supplier,8c61a3ad-eb5d-59bc-9d10-16ddbfa7f8b0,0.15,,0.1259,0.7,low,weighted_formula,formula-v0,2024-12-01 08:00:00+00,14,2025-01-02 09:11:07+00
69bbea2d-389c-59bc-b9ff-c224ee4cbd6b,supplier,ea344b5b-a6fa-5c52-a82d-6aca1e325dfd,0.15,,0.1207,0.7,low,weighted_formula,formula-v0,2024-12-01 08:00:00+00,14,2025-01-02 09:16:28+00
cb2cd46e-efa4-5ebc-9eb1-1d09d1fe4ac1,supplier,a204cedc-9bbc-5113-b524-27b81d9b9e2d,0.15,,0.1314,0.7,low,weighted_formula,formula-v0,2024-12-01 08:00:00+00,14,2025-01-02 09:16:35+00
1a03cf71-e14e-5cbc-be8d-7b8a71649edc,supplier,c809308b-6bd0-5e7f-8fed-63aa0be429db,0.15,,0.1336,0.7,low,weighted_formula,formula-v0,2024-12-01 08:00:00+00,14,2025-01-02 09:20:21+00
0f026d54-73f2-5b72-9519-15ea3d7ebdeb,supplier,b518e4a1-8b14-5e0f-a7c6-0b6631fe0a5a,0.4944,,0.3205,0.7,medium,weighted_formula,formula-v0,2024-12-01 08:00:00+00,14,2025-01-02 09:15:11+00
e43e8d40-9637-5860-b7c3-a90b71686d7e,supplier,43b32e98-5a29-5473-b8a5-4357668f5f74,0.15,,0.1404,0.7,low,weighted_formula,formula-v0,2024-12-01 08:00:00+00,14,2025-01-02 09:13:35+00
d8dd839d-75d7-51a9-a44c-3416dc3d1bdf,supplier,8f1f2a54-a01e-54a1-9234-72cb24fac6ff,0.15,,0.1358,0.7,low,weighted_formula,formula-v0,2024-12-01 08:00:00+00,14,2025-01-02 09:03:29+00
061b7f97-a886-5c5a-91d1-f3b6d2bb7517,supplier,48e2fe7c-35ad-5935-824d-697bfa8226f3,0.15,,0.1256,0.7,low,weighted_formula,formula-v0,2024-12-01 08:00:00+00,14,2025-01-02 09:28:52+00
82a72f74-6232-56a8-a65a-468dfc2b7716,supplier,f94dbc7c-8aca-554e-ad3f-4e1fa92c88e7,0.15,,0.1563,0.7,low,weighted_formula,formula-v0,2024-12-01 08:00:00+00,14,2025-01-02 09:17:30+00
4a6ab708-8bf5-5f7d-a28e-33afcc1e1c38,supplier,f478ae52-7c2a-5617-95bb-5f296860910f,0.25,,0.2062,0.7,medium,weighted_formula,formula-v0,2024-12-01 08:00:00+00,14,2025-01-02 09:21:05+00
eaa3f8bf-9322-5d50-bea3-eeaafd2b38a0,supplier,80102db8-d5d3-5b2c-9e54-5b4fbebca6eb,0.2643,,0.2139,0.7,medium,weighted_formula,formula-v0,2024-12-01 08:00:00+00,14,2025-01-02 09:14:52+00
56a91d23-c248-5db1-8cc2-9f4603eab7b4,supplier,c27afee2-997d-5290-a74e-2530422664f5,0.15,,0.1276,0.7,low,weighted_formula,formula-v0,2024-12-01 08:00:00+00,14,2025-01-02 09:06:25+00
9abce231-aa61-505c-820e-781686d37bd7,supplier,7126e422-addd-5f29-b3f2-b752caf2e66c,0.05,,0.0839,0.7,low,weighted_formula,formula-v0,2024-12-01 08:00:00+00,14,2025-01-02 09:13:55+00
23adacc3-53e0-509e-8ac4-bb640694fb38,supplier,7910ac44-1e40-56bb-9ab8-d9ba56ac335c,0.15,,0.1387,0.7,low,weighted_formula,formula-v0,2024-12-01 08:00:00+00,14,2025-01-02 09:26:22+00
de3d0803-8b48-5dcd-ab88-ada281b61c9b,supplier,b9aec7bd-f7f9-55cb-b673-5177ddff5e0d,0.15,,0.1402,0.7,low,weighted_formula,formula-v0,2024-12-01 08:00:00+00,14,2025-01-02 09:07:10+00
e056002c-75bc-545e-95cb-dd4471a6c9f3,supplier,b0a44c22-e899-52ff-98a1-85dc4e254380,0.15,,0.1215,0.7,low,weighted_formula,formula-v0,2024-12-01 08:00:00+00,14,2025-01-02 09:00:06+00
08c45cfc-e930-56d0-8ff4-6cf47fe2dfd1,supplier,eee4f3d5-a93a-5cf2-85cd-907416aee337,0.15,,0.1214,0.7,low,weighted_formula,formula-v0,2024-12-01 08:00:00+00,14,2025-01-02 09:04:21+00
818e2b75-ab5c-5db5-8dcd-226a77037f4a,supplier,ce3f1829-b358-52a7-bd0e-9eb3d2d95666,0.05,,0.0939,0.7,low,weighted_formula,formula-v0,2024-12-01 08:00:00+00,14,2025-01-02 09:08:22+00
eb919b8a-f49b-5b62-85f8-0a666ac2274e,supplier,1cf67535-10cf-5364-a9c7-5b0562d7a6d6,0.15,,0.1287,0.7,low,weighted_formula,formula-v0,2024-12-01 08:00:00+00,14,2025-01-02 09:25:56+00
78bed90a-c72d-59f5-b67d-dd3a631970c7,supplier,b1482d47-285e-53ab-995d-cc9a8165b52c,0.8,,0.5216,0.7,high,weighted_formula,formula-v0,2024-12-01 08:00:00+00,14,2025-01-02 09:17:36+00
2f0f0b34-fcd4-5605-8ef0-ca5516fbf6a4,supplier,d48fc4d1-ee5a-5d55-92e3-efa651af5e0b,0.15,,0.1422,0.7,low,weighted_formula,formula-v0,2024-12-01 08:00:00+00,14,2025-01-02 09:26:49+00
79e228da-60c2-5a46-a7d9-7050bffb3249,supplier,7cff550d-7458-54fe-906b-849912e2bac5,0.15,,0.128,0.7,low,weighted_formula,formula-v0,2024-12-01 08:00:00+00,14,2025-01-02 09:26:31+00
99f913cd-125f-5e44-818b-9a45c778b18d,supplier,3a67adbf-5513-5a16-82f1-1ee2075f84a5,0.15,,0.1515,0.7,low,weighted_formula,formula-v0,2024-12-01 08:00:00+00,14,2025-01-02 09:08:56+00
99b66129-7d6f-5bb4-8f45-0c86189839ca,supplier,1439fed7-3f86-5a06-ae10-6169b01a836b,0.3833,,0.2547,0.7,medium,weighted_formula,formula-v0,2024-12-01 08:00:00+00,14,2025-01-02 09:10:17+00
7b1d5aca-6e2e-5af7-b0cb-bc3cc3ba0a2e,supplier,6bfe9d03-1d68-5349-a2e7-d2c71322d817,0.05,,0.0769,0.7,low,weighted_formula,formula-v0,2024-12-01 08:00:00+00,14,2025-01-02 09:17:27+00
8a72f484-de5b-5fe4-9a8b-daef32cd37b2,supplier,bda40a80-19c9-5fe0-b729-308b0f59ad25,0.15,,0.1282,0.7,low,weighted_formula,formula-v0,2024-12-01 08:00:00+00,14,2025-01-02 09:27:03+00
1fe7258c-954d-52f8-9643-4e851ffab211,supplier,4140807d-c496-53ae-8f87-15c93cde916b,0.15,,0.1343,0.7,low,weighted_formula,formula-v0,2024-12-01 08:00:00+00,14,2025-01-02 09:23:04+00
47ce8b89-b570-575d-82ef-f85d6b65ffeb,supplier,6e1d922d-415a-53d0-97d8-f4767299c10e,0.15,,0.1563,0.7,low,weighted_formula,formula-v0,2024-12-01 08:00:00+00,14,2025-01-02 09:11:19+00
c358f2da-a9f5-5c2b-90a3-3299d6b9303d,supplier,f0aa8198-c2d3-59dc-b748-7bbb43f72614,0.15,,0.1552,0.7,low,weighted_formula,formula-v0,2024-12-01 08:00:00+00,14,2025-01-02 09:15:29+00
cb3d9754-4eed-52af-b27e-486207ad00b2,supplier,9ecc4544-0aaa-5d4b-a20b-19b8dce2c71c,0.15,,0.1319,0.7,low,weighted_formula,formula-v0,2024-12-01 08:00:00+00,14,2025-01-02 09:17:17+00
11eb1a88-5c62-544b-8ead-e465038f419f,supplier,d56202a0-5ac9-5000-bdef-df809a781522,0.15,,0.1438,0.7,low,weighted_formula,formula-v0,2024-12-01 08:00:00+00,14,2025-01-02 09:21:27+00
74314821-e546-5cbb-8822-8ce1f9068945,supplier,43b5c255-48c1-5b61-ab8b-8bc95266bb1f,0.3833,,0.2574,0.7,medium,weighted_formula,formula-v0,2024-12-01 08:00:00+00,14,2025-01-02 09:14:30+00
939d70d8-924b-52dc-a2e1-d927661ca2a6,supplier,feeb172c-57c6-5067-97db-54ddf632027a,0.15,,0.1618,0.7,low,weighted_formula,formula-v0,2024-12-01 08:00:00+00,14,2025-01-02 09:06:50+00
ee3602a4-752d-5151-8c92-38d9d8b519b7,supplier,15a4b7b5-0940-5f38-887a-51e62e07c4cf,0.15,,0.1456,0.7,low,weighted_formula,formula-v0,2024-12-01 08:00:00+00,14,2025-01-02 09:04:20+00
5838e0f6-8047-57d1-9a22-bfe5fa742361,supplier,ea95a540-f662-5975-8a79-88352e65c9c4,0.05,,0.0806,0.7,low,weighted_formula,formula-v0,2024-12-01 08:00:00+00,14,2025-01-02 09:12:41+00
7db2c8fb-f81a-50d9-8771-d835123e18af,supplier,09b007da-c3cd-5c90-912c-64f13e0cb7eb,0.15,,0.1609,0.7,low,weighted_formula,formula-v0,2024-12-01 08:00:00+00,14,2025-01-02 09:07:20+00
dd9db8d2-a3e6-5514-8b3b-df72f667f8ba,supplier,035f03a2-0aa4-54ab-b965-ffe92a15c554,0.425,,0.2705,0.7,medium,weighted_formula,formula-v0,2024-12-01 08:00:00+00,14,2025-01-02 09:29:15+00
622998cc-0b39-51d9-9440-8e4fff36b593,supplier,a080f3ab-6ea0-59f4-b082-807399acde92,0.15,,0.1271,0.7,low,weighted_formula,formula-v0,2024-12-01 08:00:00+00,14,2025-01-02 09:11:39+00
d6fba139-9933-5c2d-b1b8-35ca777e012c,supplier,962efb96-78cf-56c2-9668-d0081024f66b,0.15,,0.152,0.7,low,weighted_formula,formula-v0,2024-12-01 08:00:00+00,14,2025-01-02 09:25:47+00
33505534-028c-5d45-a899-da1a387d0971,supplier,d21da0bc-d1b2-5971-a037-be72ab2d0b0f,0.15,,0.1345,0.7,low,weighted_formula,formula-v0,2024-12-01 08:00:00+00,14,2025-01-02 09:02:11+00
f3c04151-3f0f-512d-9e8c-43cd0241207e,supplier,6e4b4b02-c6c9-56a6-899b-544e87e288d9,0.05,,0.0801,0.7,low,weighted_formula,formula-v0,2024-12-01 08:00:00+00,14,2025-01-02 09:16:43+00
